1101,3.0,2006-06-21 22:47:52,280884
1610,5.0,2001-12-09 05:12:27,42567
1196,4.0,2015-12-15 12:03:22,171490
1101,3.5,2004-08-08 21:18:16,162786
1196,5.0,2017-02-07 11:47:05,62087
377,3.0,1996-08-01 09:49:23,184442
1196,5.0,2001-10-09 19:45:18,213790
1196,4.0,2017-10-29 20:15:26,46899
1196,5.0,2015-05-31 19:29:28,157306
2628,3.5,2013-03-03 20:33:37,141604
2628,5.0,2015-06-27 13:34:20,243680
356,4.5,2011-08-03 13:22:16,7750
356,5.0,1997-06-04 08:58:15,248286
3287,4.5,2018-02-12 14:17:15,93063
1101,3.0,2000-02-07 17:57:26,276462
1997,5.0,2005-11-09 10:29:40,258487
1196,4.0,1999-12-13 02:32:38,185619
356,4.0,2000-07-06 03:48:47,197270
1196,5.0,2017-04-11 07:14:51,202541
1918,2.5,2005-05-12 01:04:13,199663
356,4.5,2005-05-02 11:19:07,12859
356,4.0,2016-03-20 10:14:13,77707
2959,4.5,2009-01-12 02:08:13,5204
1997,4.0,2010-01-28 18:19:37,276528
1610,4.0,2008-02-19 08:19:13,249846
1772,3.0,2001-11-03 02:37:12,8354
377,3.0,1998-02-17 05:14:08,184947
798,3.0,1999-12-11 06:24:47,33526
356,5.0,2016-06-12 08:22:15,109086
1918,4.0,2001-09-10 21:11:14,176519
1918,3.0,2009-01-26 09:18:58,105173
377,3.0,2005-03-22 01:37:03,34046
2959,5.0,2004-07-20 02:50:57,120761
1610,5.0,2001-09-23 00:51:33,43855
1101,3.5,2005-05-30 13:50:44,67532
2959,5.0,2005-09-19 12:17:39,282217
2628,3.0,1999-12-27 15:16:28,131425
356,2.0,2018-02-12 13:40:33,93063
2959,4.5,2017-08-15 16:39:22,112611
2628,3.5,2007-01-22 10:45:20,269912
356,4.5,2011-05-01 07:14:13,105676
1918,3.0,2003-02-03 10:27:54,102565
175,3.0,1997-10-04 09:59:44,250147
2959,5.0,2017-07-13 04:55:24,121028
1997,4.0,2017-01-29 17:16:35,180042
356,2.0,2015-10-03 06:19:30,270363
356,4.0,1999-09-30 22:14:31,184636
1196,4.0,2016-06-30 02:43:55,25891
1997,4.0,1999-02-23 06:49:54,273575
278,3.0,2001-09-22 14:38:16,65226
1196,4.5,2017-01-10 18:36:51,265282
356,4.5,2017-05-18 18:52:55,128113
378,2.0,2018-01-15 20:03:26,68632
1196,4.5,2005-03-25 17:42:11,107937
1772,3.0,2017-12-03 17:54:51,100393
356,4.5,2017-05-05 13:00:50,141490
2628,1.0,2009-10-04 11:25:55,39365
1997,4.0,2005-09-17 04:13:56,46822
2959,3.0,2015-05-13 14:09:47,253842
356,1.5,2016-09-09 13:23:53,85002
377,4.0,2005-06-20 16:47:50,24495
175,2.0,1999-10-23 07:44:27,238576
1196,0.5,2015-03-18 18:46:34,184224
1918,3.0,2010-07-10 12:43:10,138614
356,5.0,1996-10-06 02:01:19,175223
2628,2.0,2009-05-31 09:18:05,142590
2959,5.0,2015-05-05 00:44:32,104688
2959,5.0,2008-06-13 12:38:36,146413
798,1.0,1997-02-08 16:30:13,53235
1918,4.0,1998-07-30 08:10:20,210806
2959,5.0,1999-12-15 16:32:44,256182
377,3.5,2008-01-14 18:12:19,26760
1196,3.0,2010-01-06 18:11:37,173338
356,5.0,1998-05-13 01:10:52,46789
377,4.0,1997-07-05 11:57:49,206561
2628,4.0,2007-02-04 16:33:39,48106
377,3.0,1996-08-28 05:34:02,281568
377,4.0,1996-07-19 09:15:12,94784
1101,2.5,2005-03-22 08:23:19,242587
377,3.0,1996-12-09 10:16:11,97455
356,4.0,2015-12-31 16:18:13,12405
1918,1.0,2001-03-04 02:19:13,189241
356,2.0,1998-02-17 07:04:54,213886
2959,5.0,2017-03-16 18:24:03,73615
356,3.0,1996-08-14 08:49:47,72336
356,5.0,1996-09-10 15:09:13,71471
1196,5.0,2005-04-22 17:29:59,280063
377,5.0,2001-06-21 23:09:57,199485
1610,4.0,2014-10-17 19:49:26,102793
377,4.0,2007-06-27 02:05:49,81804
356,1.5,2008-07-19 14:52:44,157785
356,3.0,2015-07-29 16:35:21,70103
356,5.0,2017-09-30 20:53:42,28953
356,4.0,2015-08-10 20:09:42,186926
377,5.0,1996-07-21 02:21:27,33353
1196,5.0,2001-01-30 16:28:38,101453
2959,5.0,2009-06-11 23:48:39,87663
3827,3.5,2007-10-29 11:05:42,242319
1997,3.0,2001-01-02 20:32:23,235397
1196,5.0,1998-12-20 17:20:09,148495
1196,4.0,1999-04-20 19:15:36,183392
1196,5.0,2015-10-22 00:50:34,222466
2628,1.0,2009-09-21 02:27:45,207069
1997,5.0,2002-09-24 15:21:19,176592
356,5.0,2017-10-01 10:28:03,69863
1196,4.5,2015-06-23 16:17:21,65908
175,5.0,2016-03-14 22:52:05,258767
2959,4.5,2015-07-28 12:14:35,64355
1196,4.5,2007-02-01 05:18:49,79414
2959,4.5,2017-05-24 08:26:27,95946
1196,5.0,1999-12-30 14:34:17,247267
1101,2.0,2017-09-29 12:15:22,272295
1101,4.0,2004-03-03 09:56:18,77120
1342,2.5,2003-11-23 19:57:10,96938
1101,2.5,2006-06-07 13:25:23,183273
1101,2.5,2017-06-04 17:11:03,46725
2959,3.0,2015-05-29 11:36:29,136675
1101,3.0,2009-01-09 16:53:40,40894
1196,5.0,2010-01-25 20:23:16,95781
1196,5.0,2015-12-21 23:28:07,206030
1196,5.0,2001-02-06 14:45:19,198828
2959,5.0,2005-02-04 19:58:27,130403
356,5.0,2015-11-03 16:21:38,258117
377,3.5,2005-10-31 15:02:08,249093
377,4.0,1996-06-27 06:14:50,171946
1196,5.0,2012-04-04 05:47:08,252908
356,4.5,2007-10-14 20:59:20,136393
356,4.0,2011-03-17 23:22:10,74450
1610,4.0,2006-02-01 11:32:07,187637
1918,2.0,2011-04-26 06:27:23,155557
2351,5.0,2000-05-09 12:34:16,160618
2628,5.0,1999-05-09 05:16:40,12058
377,4.0,2008-02-27 08:57:07,272626
2959,5.0,2000-10-13 15:59:15,244342
356,4.0,2005-03-25 00:43:10,179189
2959,3.0,2003-12-16 23:26:23,172158
2959,3.5,2004-02-19 20:38:30,45858
377,4.0,1997-06-04 05:24:45,139416
3037,3.5,2012-03-28 07:36:38,34705
377,5.0,1996-07-20 01:45:33,127037
2959,5.0,2015-10-17 13:40:46,232469
2959,5.0,2015-09-18 15:21:11,17084
377,3.0,1996-06-02 05:22:45,161902
1610,4.0,2005-02-11 21:21:44,149281
356,5.0,2002-09-01 12:18:58,121284
356,3.0,2015-08-17 01:52:31,25679
377,3.0,2005-12-20 19:39:42,136176
2959,4.5,2007-01-18 18:03:13,234915
1196,4.5,2013-08-11 21:16:56,107896
1997,3.5,2007-11-23 16:58:56,268496
377,2.5,2017-02-09 15:30:10,189760
1196,5.0,2001-01-17 21:55:14,119186
2628,3.5,2005-03-24 18:05:31,46946
1101,5.0,1999-12-12 23:04:11,178330
1196,5.0,2001-06-28 09:07:04,155829
2959,4.5,2016-09-15 08:56:10,257356
2959,3.5,2007-10-27 10:07:02,156226
1342,3.0,1998-07-26 20:22:04,233505
1196,4.5,2006-12-19 01:50:54,101487
2959,5.0,2016-10-18 14:42:03,124677
377,4.0,2010-09-20 02:44:07,146574
2628,4.5,2003-07-24 18:44:08,215223
2628,2.5,2005-06-12 18:03:56,141296
2959,4.0,2011-10-03 16:06:51,236945
1101,4.0,2005-05-08 21:02:14,30250
1918,4.5,2013-01-03 22:53:11,55412
2628,3.0,2003-03-10 12:33:10,51454
356,3.0,1996-09-06 15:02:42,24592
1610,3.0,2002-06-05 10:47:03,223554
1196,5.0,2000-11-28 11:34:52,87145
356,4.0,2007-07-23 11:51:51,183833
2959,5.0,2002-02-02 11:39:20,182518
356,3.0,2015-09-30 10:59:08,41365
1196,4.5,2016-04-10 21:39:09,43990
356,4.0,2016-07-07 19:30:06,223131
2959,5.0,2005-11-10 05:33:57,265089
356,5.0,2017-09-18 16:47:44,157128
2628,4.0,2003-03-27 17:55:58,14175
356,4.0,2001-09-10 20:25:36,19778
1101,4.0,1999-12-11 18:33:17,252866
356,4.0,2000-11-20 01:26:02,280285
1997,4.0,2017-05-08 09:29:25,82922
356,4.0,2007-06-11 21:15:18,275546
356,4.5,2017-02-04 17:25:28,188369
356,5.0,1997-05-29 14:11:39,143917
356,3.0,1996-11-11 11:15:17,253265
2959,4.0,2012-06-30 10:43:21,122828
175,4.5,2014-01-23 16:53:10,136028
1196,5.0,2005-08-03 09:41:50,262690
1196,3.0,2002-08-06 13:43:05,3586
356,5.0,2010-09-07 08:18:32,13108
2959,4.0,2010-01-12 15:41:04,59724
3827,3.0,2001-04-14 17:56:02,23672
1997,3.0,2010-07-16 19:39:36,268464
377,4.0,1997-01-23 10:36:06,61503
1196,5.0,2008-10-30 10:10:11,238227
1610,4.0,2000-04-25 14:17:10,118685
2959,3.0,2001-11-14 19:50:52,205254
1196,5.0,2001-12-19 13:45:10,282652
377,4.0,2000-01-27 18:37:09,243020
2959,4.5,2003-06-20 18:16:52,42586
1918,5.0,2002-08-10 10:25:01,217411
2959,5.0,2005-03-06 16:59:38,278045
1610,5.0,2000-04-20 16:38:42,191708
356,3.5,2012-07-30 12:09:02,255833
1997,3.0,2010-09-23 12:44:58,123411
2959,4.0,2012-07-20 15:03:06,84801
2959,5.0,2015-11-20 19:05:47,272840
356,5.0,2015-12-04 12:52:44,197963
798,3.0,1997-07-20 05:42:25,218114
2959,5.0,2008-11-04 16:36:38,14574
1196,4.0,2015-10-19 16:31:17,44756
175,5.0,2006-02-24 12:22:02,268819
356,5.0,2017-01-01 14:25:29,88403
356,3.0,2008-03-07 19:09:15,199760
1610,4.0,2004-05-24 13:00:47,225290
2959,5.0,2014-02-17 02:09:13,164028
2959,4.5,2013-11-28 06:05:38,188812
2959,5.0,2015-08-16 21:23:18,101172
377,5.0,2005-05-28 21:48:45,23128
356,5.0,2011-05-02 12:37:28,221589
2351,4.0,2004-11-01 20:57:17,10614
1997,5.0,2010-04-20 19:35:27,271183
1610,3.5,2008-10-28 22:29:30,209907
1610,4.0,2016-01-31 02:41:08,122915
2959,5.0,1999-11-07 17:03:07,63723
1196,4.5,2016-02-27 15:45:15,200589
175,4.0,1996-08-09 12:24:29,58338
2959,4.0,2010-11-28 09:21:07,128485
356,5.0,1996-06-12 20:40:43,220440
2959,5.0,2006-04-29 07:59:49,61789
1101,4.0,2016-12-27 22:10:25,33191
356,2.5,2006-01-07 16:52:11,136811
2959,4.5,2008-04-24 07:24:51,5
2628,3.0,2004-06-02 15:41:22,111718
1196,4.5,2004-02-05 08:05:28,190941
1196,5.0,2005-03-22 02:48:05,15634
2628,1.0,1999-12-16 14:43:07,219166
175,5.0,2001-06-09 18:15:45,160948
356,5.0,2000-11-14 21:49:18,48328
1101,4.0,2005-11-17 19:29:50,265582
356,4.0,2001-03-29 15:20:49,7418
1997,3.0,2008-04-28 02:41:13,198382
356,4.0,2017-05-09 21:23:30,224914
356,5.0,1999-12-13 23:57:22,75938
1101,4.5,2004-05-19 15:10:19,90982
1196,2.0,2002-01-02 02:35:32,156956
2628,1.5,2008-10-28 01:24:34,135948
2959,5.0,2009-09-10 12:47:39,163742
1101,3.0,2008-10-30 12:34:08,265509
1196,4.0,2000-07-07 15:27:48,212669
2628,3.0,2003-01-16 07:06:03,91682
2628,5.0,2001-06-19 23:58:44,82394
1610,3.5,2006-04-21 18:57:49,118288
356,4.0,1996-05-22 06:31:29,32295
1196,4.5,2015-09-15 20:22:20,71064
1196,4.0,2016-03-18 10:01:54,234658
2959,3.5,2015-03-08 03:30:35,213978
356,3.5,2015-09-19 04:04:05,82249
1610,3.5,2018-02-04 15:30:36,48421
1610,5.0,1999-10-05 04:10:13,59979
1196,5.0,1999-12-22 05:20:00,24492
356,5.0,2004-03-14 23:42:22,44155
1997,4.5,2017-02-12 13:58:26,93939
2959,5.0,2008-10-06 02:56:48,15808
1196,5.0,2002-01-07 15:39:47,69710
1101,2.0,1996-10-06 07:13:20,153007
1997,4.0,2003-01-07 03:09:22,152745
2959,5.0,2003-01-14 12:56:18,224981
356,5.0,1996-11-28 02:53:21,37450
1772,3.5,2009-05-19 20:58:58,191680
1196,4.0,2001-07-11 09:39:23,190122
1196,5.0,2004-09-10 23:25:35,93952
356,4.5,2004-06-21 18:15:00,114734
2959,3.5,2005-10-01 14:58:46,114945
2959,5.0,2016-10-16 15:06:33,162554
1196,3.0,2002-08-21 23:31:18,208827
1196,5.0,2013-01-30 09:45:14,18797
356,4.0,1996-11-26 07:23:31,249863
2959,3.5,2016-07-03 14:16:58,273932
1196,2.0,1999-12-30 11:07:51,150267
377,4.0,2000-05-23 08:31:21,179956
2628,1.0,2001-09-11 05:43:59,25707
356,4.5,2006-05-27 20:32:38,164207
356,5.0,2000-09-20 15:05:57,156326
3827,4.0,2000-11-19 12:29:54,110395
2959,3.0,2016-11-29 01:22:57,31430
2628,3.5,2011-09-03 19:46:03,191743
2959,5.0,2016-01-10 10:05:46,235752
356,4.0,1996-07-22 20:56:42,218586
377,3.0,2014-03-13 11:38:12,227792
2628,3.0,2002-03-30 18:07:21,59067
377,4.0,2001-04-03 20:08:58,20841
1101,4.0,1999-10-02 02:13:01,24902
2959,4.5,2005-11-19 18:04:26,177112
1196,3.5,2015-04-16 05:04:13,81582
2959,4.0,2015-04-03 23:56:31,193192
377,5.0,1996-09-04 04:42:40,241235
1918,3.5,2017-02-04 13:29:42,29383
798,2.5,2003-06-04 13:21:45,252143
2959,5.0,2005-01-30 19:54:23,69936
1101,2.5,2016-02-12 12:07:27,97911
377,4.5,2009-02-04 22:41:43,36190
1342,4.0,2003-06-18 13:55:25,137068
356,3.5,2010-11-27 15:31:56,76999
356,5.0,2008-11-28 19:17:27,4379
1196,4.0,2015-05-06 18:25:30,72459
356,4.0,1996-10-02 11:10:03,157304
2628,2.0,2007-10-12 05:42:53,198362
356,4.5,2005-01-12 11:34:41,107518
356,4.5,2008-03-24 13:17:50,154193
1997,3.0,2000-12-13 18:50:20,14682
2628,4.5,2003-06-14 11:43:32,232430
377,3.5,2018-04-03 00:59:56,104855
175,4.5,2005-03-29 15:13:41,93022
1101,3.0,2006-06-07 22:58:07,228225
1997,4.0,2015-08-09 02:16:13,92919
356,4.5,2011-03-12 09:55:07,220558
1101,3.0,1997-06-16 10:20:14,37548
377,1.0,1997-05-23 10:01:57,173231
1196,5.0,1998-04-01 05:07:06,141724
377,3.5,2004-10-06 06:15:34,200772
356,5.0,1999-11-30 05:27:36,79318
1610,3.0,2007-07-17 16:14:21,151177
377,4.0,2004-06-13 22:45:14,195711
1196,5.0,2000-07-10 18:06:38,94154
2959,4.0,2016-04-17 15:59:58,38299
1610,4.0,2005-03-27 22:03:15,245864
356,4.0,2017-03-15 17:11:12,79336
2959,5.0,2008-02-04 01:09:15,264221
2628,1.5,2010-10-17 21:17:41,197018
377,3.0,2001-06-25 15:36:38,87778
1101,3.0,2001-12-15 09:37:50,254130
798,4.0,2007-06-06 05:38:29,235865
1610,4.0,2014-05-23 15:23:39,187234
1610,4.0,2003-06-02 20:15:31,121430
1610,2.0,2006-06-16 19:19:56,155267
356,4.0,2008-06-23 09:08:37,2014
377,4.0,2007-12-04 21:46:00,221139
356,4.5,2016-07-23 20:34:37,40012
1997,2.0,2011-11-08 21:16:33,226089
2959,4.5,2008-02-24 20:41:58,119837
1196,5.0,1998-07-02 16:26:55,2395
377,4.0,1998-07-11 20:00:02,241107
1772,2.0,1999-12-28 12:27:19,28499
175,4.0,2005-04-18 00:16:35,150454
2959,5.0,2010-05-15 22:03:38,256933
1196,3.0,2001-01-02 17:30:19,81530
1196,5.0,2000-10-02 12:15:26,6513
377,2.0,2015-03-29 08:10:25,199294
2628,2.0,2003-03-03 13:42:02,206968
1610,4.0,1999-08-21 17:15:14,139369
1101,3.5,2017-10-02 15:18:46,42656
2628,3.5,2004-02-24 12:48:32,75121
356,4.5,2008-11-30 14:24:00,230164
378,3.0,1996-08-28 15:33:38,2204
2959,4.5,2016-02-03 05:42:45,100690
2628,2.0,2011-07-27 00:28:48,69292
377,2.0,2001-04-05 20:46:01,247882
1997,0.5,2012-06-15 18:32:14,167121
2959,4.0,2006-03-18 13:33:59,200615
1610,5.0,1999-03-26 14:50:03,177349
377,2.5,2006-11-12 18:26:52,183495
356,4.0,1996-07-24 02:46:55,223936
356,5.0,2003-01-16 08:21:24,72455
356,4.0,2015-10-09 17:59:51,175028
1997,3.5,2004-09-05 14:54:11,116364
356,4.5,2013-04-01 18:01:23,14100
1997,3.0,2016-11-11 21:47:24,162294
1101,4.0,2003-04-02 10:15:40,168003
3827,2.5,2003-06-11 14:18:34,271591
356,5.0,2000-04-26 16:55:39,262314
377,5.0,1996-07-14 12:35:42,83293
356,3.0,2006-06-28 03:35:19,271945
3827,4.0,2000-12-02 10:04:28,99135
1196,3.0,2011-03-03 16:06:01,274430
1997,3.0,2003-03-03 05:39:50,21876
1997,3.5,2015-11-09 20:15:41,134440
356,3.0,1996-08-04 16:48:37,252789
1610,4.5,2004-09-29 12:10:09,28941
377,3.0,2000-11-30 11:30:54,132149
1610,4.5,2008-11-28 19:24:21,204232
2628,5.0,1999-12-21 15:37:28,125548
1196,4.5,2005-09-24 18:25:46,254479
356,5.0,2012-07-26 17:44:08,123703
1196,4.0,1998-01-02 14:26:42,113241
356,4.5,2006-11-04 19:47:44,208886
2628,2.0,2015-05-29 22:09:00,190096
2959,4.5,2011-05-19 18:15:07,94365
2959,4.0,2000-11-22 23:08:02,272993
356,3.5,2015-11-21 15:06:19,168624
1997,5.0,2000-11-14 18:27:47,168170
356,3.5,2016-07-22 20:59:05,255414
1997,3.5,2006-05-22 17:13:40,4400
1196,5.0,1998-12-22 13:56:47,104014
1918,3.5,2005-03-22 22:23:01,40066
1101,2.5,2007-06-21 06:25:12,240634
1196,3.5,2015-12-16 12:56:19,133004
356,4.0,2012-05-17 06:33:27,204972
1918,3.0,1998-10-01 08:24:42,144288
356,4.0,2015-04-15 02:18:15,138166
1997,3.5,2008-04-06 06:27:35,277884
356,5.0,2000-06-20 03:23:59,167717
1610,0.5,2017-06-16 04:04:47,174033
3827,3.5,2016-01-12 09:22:58,180445
2959,4.0,2000-05-21 18:49:05,92001
356,5.0,1996-07-07 18:28:33,108333
1196,5.0,2004-02-27 20:40:04,269501
1101,4.0,2007-12-17 12:53:22,261224
377,3.0,1999-01-14 22:58:01,75105
2959,5.0,2005-04-03 11:03:46,106279
2959,4.0,2008-05-12 22:24:28,104074
2628,3.5,2004-05-24 21:00:41,84103
1196,5.0,2017-03-06 19:12:58,97191
2959,4.0,2004-09-03 09:22:40,183217
1196,4.0,2005-03-22 16:30:19,49860
1997,4.0,2000-06-20 10:57:31,1054
356,4.0,1996-09-23 06:03:53,28286
1196,5.0,2017-12-06 14:15:47,144822
2959,5.0,2015-10-12 20:28:29,238991
2959,5.0,2000-07-08 15:28:29,45930
356,5.0,1996-08-14 09:39:50,1831
2959,4.0,2017-10-07 14:40:31,235161
356,5.0,2016-05-01 13:29:58,138072
2628,2.0,2006-12-07 17:17:59,92877
377,4.0,2009-05-27 03:16:18,183366
1196,4.0,2016-08-12 09:18:34,16256
356,5.0,2016-08-14 12:50:53,8253
2628,3.0,1999-12-24 12:43:32,199304
2959,4.0,2018-05-08 04:37:28,84824
356,5.0,2013-02-05 15:21:36,34918
1610,4.0,2001-10-19 20:36:49,124317
1196,4.0,2002-09-09 07:26:05,36975
1196,3.5,2007-07-19 14:53:19,110561
1196,4.5,2007-12-20 09:13:27,243142
377,4.0,2000-08-05 00:47:09,115866
1196,4.5,2018-08-05 00:33:24,136002
2959,5.0,2016-11-17 18:02:02,265564
2959,5.0,2009-07-06 21:50:32,64431
356,5.0,1996-06-07 05:24:04,73672
377,3.0,1996-08-05 13:43:25,95122
2959,4.5,2015-09-06 05:46:57,254464
356,4.5,2004-05-21 12:25:55,121761
2959,5.0,2016-09-02 18:57:12,179815
377,5.0,1996-06-30 03:33:29,15042
175,4.0,2000-11-20 04:09:00,152666
356,4.0,1996-10-25 09:25:15,109877
377,1.0,2004-07-19 14:08:35,48006
356,4.0,1999-09-24 07:50:25,132532
377,3.5,2015-06-15 07:08:21,43636
1342,4.5,2008-04-17 09:18:55,33746
2959,4.0,2001-06-29 09:41:47,854
1196,3.5,2017-08-03 18:53:55,101211
2628,3.0,2000-10-25 08:06:33,108396
2628,3.5,2010-01-21 21:25:53,81243
377,3.0,2006-09-12 13:16:02,50617
377,5.0,1996-08-06 01:14:04,199066
1101,4.0,2017-12-11 06:30:23,77490
1101,1.0,2003-03-04 09:53:30,45906
1610,3.0,1999-10-08 17:51:34,200372
2628,1.0,1999-11-04 05:11:39,140541
356,3.0,1996-07-01 14:10:12,39359
2628,3.0,2006-09-25 11:34:06,81288
2959,4.0,2017-04-01 19:25:56,248311
2628,3.0,2007-09-24 15:15:57,231579
356,5.0,2017-03-03 18:19:19,36767
2628,3.0,2015-08-23 13:34:31,152959
1101,4.0,2005-04-08 10:11:07,268744
1610,3.0,2005-12-04 00:58:37,78057
377,4.0,1996-08-08 05:53:18,108398
1196,4.0,2018-05-05 03:02:33,210688
2628,3.0,2001-03-15 10:15:44,273589
1196,4.0,2005-03-23 17:37:52,96433
356,4.0,2005-10-25 22:28:06,96482
1997,3.5,2005-11-22 13:50:56,47084
1101,5.0,1999-12-16 14:37:42,174256
356,5.0,2000-03-01 19:07:25,67510
2959,4.5,2009-02-19 13:17:17,4949
1196,2.5,2016-06-05 12:53:31,211204
1997,4.0,2012-11-24 16:26:44,158297
377,3.5,2016-05-02 00:37:05,116235
356,3.0,2005-08-18 17:36:16,258941
1196,3.5,2006-02-15 09:53:18,254307
1101,4.0,2011-06-10 14:55:22,29586
2628,2.5,2015-04-02 00:57:38,259692
2959,5.0,2015-08-30 22:45:04,190694
2959,3.0,2010-11-07 07:04:59,806
356,4.0,1999-10-11 16:19:17,279756
2959,4.0,2018-08-30 12:23:58,161663
2259,2.0,1999-10-14 12:35:20,128259
175,4.0,2016-07-27 08:24:41,206530
377,3.0,1996-05-29 13:07:04,32357
1997,3.0,2006-01-09 11:53:47,149075
2628,3.5,2010-11-22 20:16:51,134753
1196,5.0,2015-07-05 08:22:49,147520
3827,3.0,2000-10-04 14:04:16,70674
2628,4.0,2000-06-04 17:17:28,254398
1610,4.0,1999-12-13 10:37:36,32213
1610,3.0,2005-11-04 17:59:06,191939
1196,3.0,1996-12-11 16:19:58,109707
356,2.0,1996-11-26 01:26:37,16066
377,5.0,1999-01-18 10:35:28,224023
1196,4.5,2005-08-09 09:46:25,112051
1196,5.0,2000-01-07 17:16:25,283134
1196,5.0,2004-03-11 22:37:25,57325
2959,4.5,2009-10-17 08:12:26,126978
1610,5.0,2001-04-09 20:58:44,279137
356,3.0,2007-05-24 15:13:20,20087
1196,4.5,2007-01-07 12:30:19,224414
1610,5.0,2001-06-28 20:55:11,231176
356,3.0,2006-04-25 16:45:01,98321
1196,3.0,2007-06-13 15:09:10,160483
377,3.0,1996-11-18 09:13:35,204763
356,4.5,2005-02-02 17:54:13,151846
3037,5.0,1999-10-30 15:20:35,96593
356,3.5,2012-05-06 23:08:54,234294
2628,5.0,2002-02-20 07:01:34,223759
1101,3.0,2002-01-18 23:03:09,96960
2628,1.0,1999-10-15 04:45:57,267031
2959,3.5,2016-08-19 09:55:41,53001
1342,0.5,2003-08-28 10:43:00,14320
1997,3.5,2005-03-11 16:49:49,113088
1918,1.0,2001-08-15 15:44:26,124046
1196,4.0,2002-06-07 14:20:11,130756
377,3.5,2016-05-14 22:35:02,214737
1196,4.0,2010-09-28 14:09:05,273248
2959,3.0,2018-03-18 13:15:12,118859
2959,5.0,2012-06-23 15:36:49,101431
356,5.0,2015-03-10 21:00:07,63131
1196,5.0,2016-01-24 05:55:19,142945
2959,5.0,2016-04-11 10:56:36,77062
1196,4.0,2015-11-03 14:19:50,35205
356,5.0,2017-03-16 14:57:28,21943
1196,4.0,2017-02-15 11:22:40,132807
1196,3.0,2000-11-03 16:49:32,71119
2959,5.0,2016-11-08 03:15:23,273147
377,4.0,1996-09-19 19:45:32,101997
1997,4.0,2001-06-26 10:50:42,100099
1196,3.5,2017-02-09 02:35:10,214699
1196,4.5,2017-02-23 05:57:49,158896
2959,5.0,2000-08-07 23:42:19,138217
1196,4.5,2006-09-02 19:30:07,160249
377,4.5,2007-08-16 21:35:16,176187
1101,2.0,2006-09-25 23:01:12,67691
356,3.0,1996-08-26 13:11:00,123170
1610,3.5,2008-11-04 14:05:21,52026
377,3.5,2011-09-03 14:04:29,163257
2959,4.5,2011-12-28 12:24:59,242281
356,3.0,2002-09-26 15:41:01,222072
1196,4.5,2015-11-17 09:16:18,25290
377,4.5,2003-10-13 18:56:29,118436
3827,3.0,2001-12-15 21:13:34,25630
2628,3.0,2015-11-20 13:39:16,61574
2959,5.0,2016-01-18 13:42:36,72682
356,5.0,2016-06-26 19:53:59,171907
377,3.0,1996-08-07 04:19:21,203768
1196,1.0,2017-08-06 23:25:20,153485
356,5.0,2016-03-12 23:13:48,24002
1196,4.5,2005-07-19 20:19:19,269904
1196,4.0,1999-10-02 18:13:20,125589
356,2.5,2005-04-07 07:35:47,188174
3037,4.0,2004-03-01 07:25:13,11619
356,4.0,1996-11-18 07:11:22,26770
356,5.0,2017-03-13 10:19:24,195918
1196,4.0,2008-06-02 22:28:01,139030
2628,4.0,1999-06-23 11:11:38,129525
377,3.5,2005-08-06 23:17:05,12787
1997,4.0,2010-09-22 06:51:26,65460
356,3.0,2015-09-21 14:07:04,133604
356,5.0,1996-07-24 02:46:18,261718
356,4.5,2005-03-07 11:28:38,186416
377,4.0,2013-05-17 04:53:10,64058
377,4.0,1996-10-05 04:17:09,43111
1342,4.0,1996-12-24 09:00:08,113435
356,4.0,2010-10-17 17:17:58,265622
3827,3.0,2010-09-20 20:12:47,271898
798,2.0,2000-05-04 20:07:44,25661
356,4.5,2009-10-12 16:53:02,27955
356,5.0,2004-06-05 18:51:21,74255
1610,4.5,2008-08-08 08:21:36,142472
1196,1.0,2017-10-22 01:18:28,43916
356,4.0,2015-07-03 18:33:48,135138
1610,3.5,2018-06-07 16:34:02,249652
378,4.0,2000-04-25 12:06:30,205705
2959,4.0,2011-03-22 18:21:19,235061
1610,5.0,2000-05-09 16:10:58,181966
356,5.0,2016-06-01 07:33:13,181181
2959,5.0,2016-04-29 05:01:08,39879
356,2.0,2010-09-21 09:09:18,242141
1918,3.0,2001-01-04 17:05:07,203084
1196,5.0,2010-06-03 18:16:38,270326
378,4.0,1996-06-08 21:37:47,12974
1196,4.0,2006-11-13 08:53:28,25369
2959,5.0,2003-03-09 12:30:46,148970
1196,3.0,2015-11-04 12:48:29,6314
1196,5.0,2000-08-03 01:45:23,63956
2959,5.0,2004-07-04 01:42:58,148202
2959,5.0,2017-05-14 06:19:39,139121
1610,5.0,2000-01-27 02:10:21,138329
1196,5.0,2005-10-13 14:56:30,66932
175,3.0,2000-04-09 21:15:08,113038
356,3.0,1996-07-23 08:29:18,250840
1196,2.5,2017-09-16 19:05:36,221566
1101,4.0,2016-11-12 10:31:04,101333
2959,5.0,2010-08-12 10:53:37,181987
1196,1.0,2015-12-15 19:26:30,120574
356,3.0,1999-11-05 12:57:55,84500
1101,2.5,2005-05-29 13:28:40,252133
2628,3.0,1999-12-12 18:09:45,226968
356,1.5,2017-07-26 02:47:02,169869
356,5.0,2015-07-15 18:43:02,35387
2259,4.0,2000-11-26 00:10:08,112491
356,5.0,1996-10-03 01:29:57,30274
1101,1.5,2003-11-16 10:24:46,277685
2959,5.0,2017-07-16 15:49:45,57067
1196,3.0,2007-09-20 16:05:56,77351
1997,5.0,1999-12-01 02:05:01,261014
377,1.0,2001-08-19 21:27:42,211820
377,4.0,1996-12-06 08:28:51,233154
356,4.5,2016-07-09 10:14:08,40009
2628,2.0,2017-10-15 12:33:23,24296
377,4.0,2001-07-02 20:08:16,11434
377,3.0,2016-10-19 03:22:36,89930
1196,4.0,2009-05-14 00:13:56,40144
2959,5.0,2015-11-20 06:56:57,276087
2628,3.5,2004-06-04 17:48:27,113857
377,4.0,2002-05-19 02:58:00,10729
356,4.0,2016-03-11 00:23:48,97414
377,3.0,1996-06-25 15:53:23,77864
1196,5.0,1999-12-23 00:30:28,8955
356,4.5,2015-01-29 12:12:49,101692
1610,4.5,2004-12-12 01:22:42,99115
2259,2.0,2004-06-19 17:23:02,95944
377,4.0,2002-11-27 16:46:47,33002
356,5.0,2005-08-19 14:11:50,73915
356,3.0,2006-03-16 07:41:36,239254
1997,2.5,2004-01-03 06:43:23,45307
295,5.0,1996-07-09 14:06:59,236843
1196,5.0,2018-08-05 13:45:59,43096
356,4.0,2010-10-18 06:30:13,41225
2959,5.0,2007-05-20 15:56:17,125436
356,4.0,2006-01-31 21:11:29,140308
377,4.0,1996-09-25 22:55:38,266650
1196,5.0,2009-10-01 18:26:33,267592
356,1.0,1996-07-31 05:13:42,51309
2628,3.0,2005-11-08 22:23:29,4455
377,4.0,2016-04-25 12:02:59,222829
1610,4.0,2018-01-27 11:00:59,18350
356,5.0,1996-06-26 09:51:36,193765
1610,4.0,2005-12-05 04:00:57,123248
377,4.0,1997-01-26 04:11:33,111901
377,5.0,2001-08-15 23:26:29,267132
356,3.5,2006-11-10 07:37:49,198427
1918,4.5,2014-07-29 10:02:16,68333
1196,4.5,2014-10-18 08:52:15,160697
3827,3.0,2008-10-21 05:33:51,151107
2351,5.0,2014-11-15 12:35:20,2025
2959,5.0,2016-10-08 22:58:21,17175
356,4.0,2017-02-16 09:55:51,42298
1918,2.0,2001-01-23 15:42:41,225189
377,3.0,2017-03-01 05:11:29,95932
356,5.0,1999-03-26 15:05:55,177349
1918,1.5,2011-08-17 03:12:58,280538
1101,5.0,2008-06-05 05:44:16,108564
1610,5.0,2014-12-11 20:20:21,34521
2628,3.0,2000-01-10 14:40:23,53960
1997,2.0,2000-11-28 02:08:01,239856
2959,3.5,2018-08-19 17:29:40,232935
356,3.5,2010-12-03 09:28:38,264750
2959,4.0,2016-01-21 16:22:14,260300
377,2.0,2006-10-30 12:43:24,161320
377,4.0,2003-09-22 16:53:56,108075
2959,4.0,2013-05-17 16:18:11,87830
356,3.0,2007-02-15 19:01:57,181889
356,5.0,1996-06-24 07:59:00,59331
2959,5.0,2004-02-20 11:46:19,110600
2628,3.5,2015-12-08 21:40:21,154393
1196,4.5,2013-07-29 01:55:18,96850
1196,4.0,1998-11-23 18:08:40,144183
356,4.5,2013-06-01 01:23:06,71938
2628,3.5,2008-03-24 07:18:15,143069
356,5.0,2001-06-14 20:34:17,98788
1196,5.0,2001-11-30 19:48:15,246046
2959,1.0,2000-08-28 06:33:48,278750
356,3.5,2003-05-23 17:41:08,155886
356,5.0,2015-09-11 00:33:57,250963
1196,4.0,1999-12-11 14:40:25,253864
377,4.0,1996-11-21 04:58:43,110389
1196,4.0,2005-03-29 23:56:58,255360
1196,3.0,2015-12-29 08:01:27,34474
1101,5.0,2003-04-19 19:09:01,239666
2959,3.5,2017-09-26 01:47:51,51698
2959,5.0,2006-06-08 13:46:30,7143
2628,4.5,2003-11-18 14:30:30,1652
2351,3.5,2017-04-09 20:54:09,182893
1196,4.0,2000-11-25 01:36:24,47436
2959,4.0,2015-09-24 19:18:34,224500
1101,5.0,2000-11-17 18:37:14,162121
356,5.0,1996-07-16 23:30:36,263709
1772,3.5,2014-05-23 15:33:38,22969
356,4.5,2005-01-27 11:06:10,163552
377,3.0,2008-12-27 18:43:50,250923
2959,5.0,2016-06-26 00:48:41,91819
1772,3.0,1999-11-30 15:25:31,6074
356,3.5,2009-02-02 11:53:56,171283
356,3.0,2005-06-18 10:35:43,237040
175,5.0,1999-12-11 08:32:13,15754
2959,4.0,2005-03-31 09:49:43,224943
356,3.0,2015-09-21 17:17:24,242250
2959,5.0,2011-03-10 23:31:28,209048
356,4.0,2002-03-12 13:19:47,37353
1196,5.0,2006-09-03 01:48:00,100247
2959,2.5,2018-02-02 13:48:13,176235
356,3.5,2004-12-30 13:18:24,26127
2959,5.0,2004-12-24 03:23:33,253336
356,5.0,2016-10-04 20:32:30,230305
356,2.0,2003-01-23 23:29:55,219703
356,4.0,2002-01-18 09:14:30,143860
2628,3.0,2012-02-03 22:08:35,232061
1196,3.5,2016-04-23 20:07:44,210190
2959,4.0,2016-09-12 22:55:54,127299
175,3.5,2006-08-06 13:54:02,185266
2959,3.0,2007-03-06 00:59:39,259449
2959,5.0,2000-10-03 05:17:03,50125
356,3.0,1996-07-29 14:59:23,122705
377,2.0,2015-09-07 17:42:38,97927
356,4.5,2005-11-12 17:23:27,157121
2959,5.0,2011-03-02 21:02:39,112933
356,5.0,2017-10-20 17:21:38,209827
2959,5.0,2004-11-06 02:18:48,186399
1196,5.0,2000-11-20 04:06:30,267828
2628,2.0,2018-01-24 00:58:46,147539
1342,1.0,2003-02-17 14:03:25,43441
2959,4.0,2011-04-16 20:52:36,260541
356,5.0,2016-12-05 12:12:07,220386
1101,2.0,1997-11-21 08:23:13,59388
356,4.5,2015-06-01 20:22:10,44063
377,3.0,1996-08-30 04:39:22,126347
1196,4.0,2001-10-31 09:24:09,87029
1101,5.0,2003-11-24 23:05:04,77356
1196,3.0,2001-02-04 14:14:28,209596
3827,3.5,2014-09-29 14:12:47,215998
1196,4.0,1999-09-29 19:20:33,10684
2959,4.5,2015-04-14 09:11:58,148416
1101,0.5,2005-04-01 23:35:31,75129
1918,4.0,2005-12-17 06:04:57,97693
1196,4.0,2007-02-22 12:44:49,188636
356,4.5,2018-09-10 10:49:24,56789
377,3.0,2007-06-05 07:26:29,96407
377,4.0,1998-08-06 09:54:56,102186
175,4.5,2015-08-30 19:54:10,227011
2628,3.0,2002-02-19 02:35:20,263719
1997,4.0,1999-10-02 07:13:11,264363
2628,3.0,2004-10-14 10:45:37,257757
1997,3.0,2000-01-10 08:50:31,41002
356,3.5,2005-12-09 16:40:53,143210
2628,3.0,2001-04-27 08:09:06,12598
356,3.0,2000-01-29 14:40:26,48285
798,3.0,2015-04-18 12:40:50,252790
1196,3.5,2010-10-03 16:11:11,266611
2959,4.0,2002-12-16 20:38:53,158320
2628,2.0,2000-10-03 09:38:51,161860
2959,4.0,2017-02-15 19:20:23,237953
1610,5.0,1999-10-30 07:01:15,101543
356,5.0,1997-09-26 07:56:52,195730
377,3.0,1998-08-04 14:04:58,86120
1610,4.0,2011-06-16 17:34:55,244486
356,4.0,2005-05-10 10:05:00,41106
356,4.5,2017-09-12 13:19:46,208447
1196,2.0,2003-03-03 08:05:12,185739
2959,4.5,2015-09-18 10:10:23,54012
1196,4.0,2016-10-03 03:14:39,41827
1196,4.5,2004-06-01 18:51:37,8455
1610,2.0,2000-05-14 18:13:09,134611
1196,5.0,1997-11-07 20:39:43,147325
1610,3.0,2000-12-17 00:59:05,95688
1101,4.0,1997-02-03 09:30:35,189867
2959,3.5,2014-11-15 15:18:40,131637
2959,4.0,2017-11-17 15:30:31,100549
2628,3.0,2005-04-24 18:02:53,117424
356,3.0,2000-12-02 00:49:12,84389
1610,4.0,2006-08-19 23:32:17,190782
356,5.0,2017-11-08 22:30:36,267426
377,4.0,1996-08-13 03:31:50,198946
356,3.5,2011-06-06 17:26:01,227384
1610,2.5,2007-02-20 10:57:09,33576
1918,3.0,2002-01-20 16:24:05,81953
377,2.0,2005-05-11 13:55:31,25419
1196,5.0,2016-12-21 10:19:36,40809
1610,4.5,2005-11-20 11:42:29,177751
356,4.0,1996-09-04 04:43:38,219662
1610,4.0,1999-11-10 12:11:07,28973
1196,4.0,2001-07-20 10:17:17,98945
2959,4.5,2010-01-31 18:21:53,209124
377,4.0,2005-01-21 09:03:06,129201
3037,4.0,1999-12-29 22:41:10,17603
2628,2.5,2017-11-21 21:25:22,18992
377,3.5,2007-08-07 08:02:42,124794
1196,5.0,2000-11-22 21:51:18,125532
356,3.0,1996-06-04 13:03:11,102709
356,5.0,1996-07-12 15:31:45,190283
1101,4.0,2000-03-15 21:58:36,171433
377,5.0,1996-10-25 04:06:03,226519
2959,5.0,2005-04-22 16:44:08,273972
3037,3.0,2005-04-24 16:58:08,46832
356,4.0,2016-08-20 18:00:10,279829
1610,3.0,2017-05-08 13:31:34,224982
3827,2.0,2002-02-11 03:16:05,226619
356,4.0,2018-01-13 16:57:34,196642
377,2.5,2012-05-26 21:01:00,70358
2959,3.0,2000-07-20 15:49:08,91021
356,5.0,2015-03-15 12:15:01,45902
1101,4.0,2003-09-01 03:55:00,262102
2959,4.0,2012-11-23 21:37:26,21226
1196,5.0,2015-07-15 22:22:57,82434
356,4.0,2015-04-26 11:30:53,263804
356,4.0,2001-10-20 17:16:31,236006
356,3.5,2005-03-03 01:49:22,252884
356,3.5,2005-02-09 20:10:07,12267
2628,2.5,2007-01-01 19:11:10,49250
377,2.0,2008-05-24 07:37:28,149321
2628,3.0,2008-01-12 16:46:05,61302
1196,5.0,2015-05-11 23:27:52,203876
356,2.0,2015-10-23 21:36:42,183806
1196,5.0,2017-07-22 17:17:06,160148
377,4.0,1996-08-28 13:37:55,62082
2628,3.5,2016-08-09 12:59:13,126693
356,3.5,2012-08-11 14:02:33,163532
1196,5.0,2005-01-25 10:58:46,24754
1196,5.0,2016-07-07 14:18:18,118736
2959,4.0,2002-04-04 10:02:12,237785
2628,2.0,1999-09-29 19:23:21,186429
356,5.0,2007-11-06 19:05:32,112689
377,3.0,2011-05-19 18:13:58,94365
1196,4.0,2018-02-15 21:47:04,58331
356,5.0,2015-02-25 16:05:49,244732
2628,1.0,2016-03-09 18:29:07,96209
1196,5.0,2006-12-08 15:16:01,185915
2628,3.0,2002-08-23 17:27:04,67730
356,4.5,2016-12-14 11:08:06,69050
377,3.0,1996-06-02 12:13:18,46405
2959,4.0,2005-07-21 22:42:23,161211
2628,3.0,2005-12-29 13:43:35,69508
356,3.0,1996-10-16 13:46:40,172574
2959,4.0,2006-03-16 16:42:03,258170
356,4.0,2015-09-13 06:05:34,52680
378,2.0,2000-07-28 23:16:09,26842
377,5.0,1996-07-19 12:20:26,210956
377,4.0,2005-03-08 05:50:48,155536
798,4.0,2009-12-09 18:51:19,6860
377,4.0,1996-07-10 12:10:32,31867
2628,4.0,2007-06-17 15:19:12,36555
377,3.0,2002-06-05 14:33:35,35943
356,5.0,2001-10-06 07:28:12,8901
1101,5.0,2008-07-23 06:56:16,182045
175,4.0,2009-03-05 18:12:38,196211
356,5.0,2015-09-12 22:02:55,48198
2628,3.0,2015-11-23 08:20:56,223644
2959,3.5,2015-10-14 11:55:47,60096
377,3.5,2007-10-10 01:44:31,130393
3827,3.5,2005-08-31 05:12:37,46578
377,3.0,2010-05-31 13:37:55,67537
1196,4.0,2002-07-01 13:19:05,68389
356,5.0,2014-05-25 20:51:47,73076
356,5.0,2018-04-29 14:09:16,170093
356,4.0,1996-07-11 10:21:14,184733
2959,4.0,2006-02-09 02:31:32,35358
1918,1.5,2011-01-18 16:57:53,260929
356,5.0,2001-10-17 19:05:06,178313
1196,4.0,2005-03-22 23:03:56,191544
377,4.0,2018-08-21 00:47:25,218810
356,1.0,1996-08-12 06:10:17,81214
1997,4.0,2002-03-25 15:00:57,51277
356,4.0,1998-09-16 08:54:39,115323
2959,4.0,2016-05-12 09:09:55,134052
356,5.0,1996-08-18 14:50:40,146057
1610,4.0,2005-04-07 11:31:51,86526
356,5.0,2015-03-13 00:20:53,3960
2959,4.0,2000-11-20 15:04:17,253392
356,3.0,2011-06-20 19:49:55,276207
356,4.5,2016-08-30 09:08:39,271113
2959,3.5,2016-01-28 17:26:42,160336
2959,2.0,2009-02-16 20:51:40,155131
378,3.0,2002-01-12 01:34:14,275298
2628,1.0,2013-12-20 13:31:39,244458
278,3.0,1996-07-17 08:49:54,212732
2628,4.0,2001-01-03 15:04:27,91184
356,4.0,1996-07-10 09:54:39,237150
2628,3.0,2004-05-12 16:23:43,97089
378,3.0,2002-03-10 14:45:53,213204
1196,5.0,2001-07-28 20:10:00,143754
2628,0.5,2018-05-02 14:35:56,43857
2959,4.5,2010-08-17 16:24:05,76142
377,3.0,1996-06-01 05:16:07,174023
377,4.0,1996-07-05 10:08:15,260067
1101,4.0,1997-11-13 05:48:40,138562
1610,4.0,2015-02-12 14:57:17,163291
1196,4.0,2010-10-06 00:53:59,95649
2959,5.0,2006-05-20 19:11:14,103305
377,4.0,1996-08-10 00:18:29,27197
356,3.0,2016-08-30 17:34:57,258669
2959,4.0,2003-10-06 18:01:55,78768
1101,4.0,2015-12-09 04:28:36,182617
356,4.0,2001-05-07 07:28:54,6264
356,3.0,2000-11-20 16:00:01,110652
1610,3.0,2003-06-04 19:12:20,132562
356,5.0,2012-07-13 16:55:11,60859
1196,2.0,2017-10-01 10:23:21,14303
1997,5.0,2000-08-04 13:22:08,105406
356,4.0,1999-12-28 20:22:33,74839
2959,5.0,2015-07-11 01:55:10,51604
2959,5.0,2010-01-27 19:45:59,137692
356,5.0,1996-07-03 10:12:58,237668
377,3.5,2014-05-26 04:45:06,225095
1997,5.0,2010-01-15 18:36:08,132041
1918,3.0,2008-07-23 12:07:50,174537
356,5.0,1996-06-25 02:59:25,224289
1196,5.0,2001-03-28 03:07:49,185372
356,4.0,2000-10-02 17:08:06,89076
2988,4.5,2014-07-18 23:51:42,188066
356,5.0,2016-11-05 14:20:19,125643
2628,4.0,2001-04-01 21:28:05,278037
356,5.0,1997-01-16 12:09:03,178175
1997,4.0,2011-01-13 01:05:20,1120
1196,4.0,2000-02-03 00:02:54,224649
2959,5.0,2010-08-16 00:39:40,281870
1918,3.5,2006-04-07 14:57:02,135106
2628,1.0,2008-07-21 14:44:40,106717
377,4.0,1999-12-12 20:47:37,2826
377,4.0,1996-11-18 09:25:23,265558
1196,4.5,2017-12-28 17:47:29,65186
1101,4.0,2000-04-01 22:25:15,202142
2628,2.0,2006-12-10 16:43:20,102120
2628,1.0,2000-10-08 23:09:27,96267
2959,5.0,2008-03-31 16:40:12,42235
1101,4.0,2010-06-18 20:40:57,249824
2959,4.0,2015-12-12 19:30:52,98576
1610,4.0,1999-10-04 17:58:21,115465
1101,5.0,1997-04-01 07:34:23,130474
2959,4.0,2005-08-22 20:45:36,60641
1342,3.5,2007-01-05 13:25:51,29085
1997,4.0,2004-04-17 12:41:18,25550
356,4.0,1996-10-13 15:44:43,197905
1196,4.0,2000-08-19 23:29:28,236445
2959,5.0,2012-01-14 14:53:52,107371
356,4.0,1996-11-20 09:00:44,134566
3037,4.0,2002-11-07 10:29:53,199736
1196,5.0,2001-06-21 23:21:19,129008
1610,3.0,2017-10-12 13:14:00,165493
1196,5.0,1999-12-13 13:59:12,99122
1101,3.0,2001-12-06 19:45:36,252014
356,3.0,2006-06-21 15:20:54,27182
2628,4.0,2001-08-07 20:20:13,116593
1997,4.5,2013-06-27 07:41:22,185324
377,2.0,1997-03-23 03:33:02,267130
2628,3.0,2016-08-17 17:09:22,149834
377,2.0,2000-04-24 03:51:43,138920
1196,4.0,2017-07-03 14:13:55,186568
1196,4.0,2018-03-24 07:58:02,64127
1610,4.0,1999-10-02 09:45:03,229744
377,4.0,2011-09-28 12:37:26,205321
356,5.0,2006-10-04 19:35:05,105640
356,4.0,2005-06-19 04:43:15,198634
2959,4.5,2012-07-30 16:19:21,120631
356,5.0,2015-05-25 05:57:49,219359
3827,2.5,2003-07-13 15:36:12,142262
2959,5.0,2006-01-11 22:04:39,40630
1610,5.0,1999-12-12 21:20:03,62660
2628,3.0,2011-12-10 20:29:12,145195
2959,5.0,2001-07-29 22:38:48,97895
356,5.0,2000-03-13 14:51:02,239474
356,3.0,2005-05-06 13:19:19,80500
356,4.5,2014-06-23 20:03:41,124951
1196,5.0,2001-02-09 00:44:33,155736
1196,3.0,2016-06-24 23:02:21,164285
1610,4.5,2005-03-30 07:19:07,218588
356,5.0,2001-12-09 09:18:11,270577
2628,2.5,2015-01-29 13:10:23,212873
1196,4.0,2014-04-01 19:29:08,174805
2628,4.0,1999-12-14 17:36:40,48795
2959,4.5,2005-03-22 06:04:53,46566
1196,5.0,2017-02-19 09:12:35,177528
2628,4.0,2001-08-18 19:01:51,176930
2628,3.5,2008-04-07 17:56:13,121943
377,4.5,2003-06-10 16:14:26,156206
2959,5.0,2010-08-06 19:27:00,193900
356,3.0,2015-09-03 15:02:47,87143
1997,3.0,2016-11-24 12:42:44,174098
1997,3.0,2004-08-16 13:09:26,282806
1918,1.0,2006-04-19 12:37:25,131349
2959,5.0,2007-07-28 21:26:25,217803
377,3.0,1996-08-04 06:57:20,59248
1101,4.0,2000-12-14 01:45:12,34721
356,3.0,2016-06-11 21:48:56,165640
1196,4.0,2000-04-13 11:29:19,270943
2959,3.0,2018-08-22 10:13:02,230568
1196,5.0,1999-10-09 01:21:51,236137
1101,3.0,2000-11-19 19:28:10,201131
1196,3.0,2017-07-12 17:46:44,53407
2628,4.0,2004-05-20 16:08:41,49348
1997,4.0,2008-01-01 20:04:06,26439
356,5.0,2001-10-17 17:32:49,73485
356,5.0,2001-10-01 14:02:42,257883
377,3.0,2007-01-10 00:30:38,238882
2959,5.0,2011-03-30 02:09:32,211411
1196,4.5,2017-05-13 01:37:41,56546
1196,3.0,2014-03-29 13:15:54,200669
356,4.0,1996-08-26 07:40:38,114996
798,3.0,1997-01-24 03:28:21,213684
1196,3.5,2017-08-21 20:09:35,9675
356,1.0,1999-10-01 15:19:21,226163
1196,2.0,2000-01-01 23:08:11,195164
1196,5.0,1999-01-06 02:50:10,167241
377,3.0,1996-09-19 02:10:16,175021
798,3.5,2015-11-12 12:09:10,276739
2959,5.0,2004-03-09 20:30:44,14542
1997,4.0,2009-11-16 19:35:38,26073
2959,5.0,2005-01-31 11:43:07,246043
1918,3.0,2009-01-02 16:39:12,49451
356,5.0,2016-01-12 15:29:19,110233
1196,5.0,2003-04-19 04:18:45,214303
356,5.0,2000-04-29 12:18:10,231527
1196,2.5,2015-12-25 19:00:26,91927
1918,5.0,2009-04-10 01:59:37,84836
1196,4.0,1997-01-31 13:02:58,221044
356,3.0,2000-12-23 00:52:44,50462
1196,4.0,2005-12-03 14:42:55,125699
377,3.5,2008-09-28 22:39:54,18975
356,4.0,1996-06-12 12:42:05,252786
1610,3.5,2005-03-22 02:56:04,37756
2959,3.0,2011-12-16 10:45:27,193149
356,4.0,2015-03-29 00:11:55,62197
1196,4.5,2012-01-20 03:52:04,216756
1196,4.0,2003-01-22 02:04:30,168935
1196,4.0,1999-12-11 15:33:42,28920
2628,5.0,2001-10-25 10:29:59,143750
2959,4.5,2004-09-13 08:28:43,189
356,2.0,1996-06-22 09:36:49,141097
356,4.0,2009-01-01 22:35:28,143948
2628,2.0,2000-04-22 03:29:59,103602
356,5.0,2009-01-08 15:18:54,234227
2959,4.0,2015-05-23 01:28:15,100669
356,5.0,2016-06-15 12:30:46,205911
1997,3.0,2003-06-30 13:55:52,50391
377,5.0,1996-08-18 15:15:50,67128
1196,5.0,2018-07-30 16:20:35,28482
377,4.0,1996-09-04 10:16:30,124656
1196,5.0,2014-02-09 15:47:15,48004
377,3.5,2007-01-22 06:13:40,245221
2959,4.5,2016-04-17 14:16:54,512
356,4.0,2003-03-12 00:26:01,94536
2628,2.5,2008-01-06 12:29:37,122106
2959,4.0,2010-11-14 09:57:14,281107
1610,2.0,2000-05-19 22:48:19,203922
356,5.0,1996-08-05 21:09:24,252476
1196,4.0,2000-08-09 04:00:52,121451
2959,4.0,2014-02-25 12:12:16,207619
377,3.0,2018-07-26 19:56:27,238477
2959,0.5,2016-03-21 13:59:38,167491
377,3.0,2008-08-26 22:35:39,40232
1610,4.0,2003-03-28 10:13:58,160410
356,4.5,2017-07-01 13:34:10,199466
2628,1.0,2000-01-03 03:08:33,187625
356,4.5,2018-07-04 17:23:26,161884
1997,3.5,2018-09-25 12:19:48,273868
1101,4.0,2001-01-29 14:47:58,134049
1101,5.0,2001-02-22 17:11:26,167936
377,2.0,1999-12-23 22:00:45,203770
2628,4.0,2001-04-21 17:29:26,100193
1918,3.0,1999-09-15 04:37:27,173479
356,4.0,1996-06-28 15:25:53,160554
1918,3.0,2016-12-14 18:43:43,181815
377,4.0,2014-04-18 04:00:23,23161
2959,4.0,2016-05-24 04:20:11,179509
2959,5.0,2015-10-22 20:00:32,218095
2959,5.0,2012-07-07 23:37:18,168995
1101,2.5,2011-02-13 13:26:07,114930
377,3.5,2015-06-17 14:36:59,95181
1101,3.5,2005-05-06 14:56:01,93407
2959,4.0,2009-03-08 14:38:58,189256
2959,3.5,2017-03-01 14:13:49,91906
1196,4.5,2005-03-22 04:54:08,206511
377,3.5,2007-01-23 12:47:56,183902
356,5.0,2018-06-28 08:49:50,56609
2959,3.0,2016-01-09 13:08:26,137484
2628,3.5,2004-01-20 14:51:17,99217
377,4.0,2006-12-05 04:47:40,54379
1101,4.0,2005-03-05 13:22:50,95586
2959,5.0,2018-01-10 11:36:10,252767
377,3.0,1998-04-04 02:32:09,253978
377,3.0,2008-05-07 06:45:24,59199
377,4.0,1999-11-05 09:41:45,79598
356,4.0,2015-10-25 04:55:07,116716
1196,5.0,2008-02-04 09:17:50,223020
2959,4.5,2004-05-20 22:41:27,191065
2959,5.0,2017-10-10 10:41:11,281289
2959,4.0,2017-04-20 00:13:46,22217
1101,4.0,1997-03-06 11:49:47,67512
1610,2.5,2005-05-27 04:13:06,65275
356,5.0,2000-10-19 12:50:31,265768
1196,5.0,1999-10-02 12:35:08,191158
2959,4.5,2013-07-25 14:40:14,5775
2628,3.5,2005-09-20 16:44:13,180590
2959,5.0,2017-10-26 16:18:20,236758
356,5.0,1997-04-19 15:49:02,205042
3827,1.5,2009-06-06 11:51:18,24503
1610,3.5,2004-03-13 16:50:13,161548
356,2.0,2011-02-26 14:35:42,69861
2259,3.0,2002-03-21 16:38:23,78702
3827,0.5,2010-09-18 15:40:34,42431
377,4.0,2008-02-09 22:44:52,11819
2959,5.0,2011-02-09 23:22:08,104536
377,4.0,1996-10-18 07:06:08,229334
1196,0.5,2018-04-28 06:04:57,238786
1610,5.0,1999-09-28 12:14:20,56437
356,4.5,2016-06-02 17:57:42,155985
2959,5.0,2018-07-13 05:20:00,51752
2959,5.0,2012-10-22 15:02:51,208264
175,4.0,2005-06-26 10:20:00,103204
2628,4.0,2018-06-13 08:46:50,92246
2628,3.5,2015-11-17 09:40:52,12641
2628,5.0,2006-04-12 22:46:58,40469
2628,4.5,2003-07-28 16:31:08,19683
356,3.0,2014-09-28 11:50:03,16432
1342,3.0,1997-05-31 14:29:14,149031
356,3.0,2017-05-07 20:33:46,83297
2959,4.0,2004-05-24 12:40:26,272724
278,3.5,2004-06-12 06:59:37,60669
356,4.0,1999-11-19 13:13:45,260226
2628,3.5,2008-10-28 20:42:27,36246
2959,4.5,2013-08-09 14:13:50,226870
1610,3.0,2000-08-03 08:17:06,222117
356,4.0,2017-05-19 18:03:29,212162
356,4.5,2015-12-27 23:30:34,264854
1997,3.5,2016-03-18 11:49:12,149042
377,3.5,2004-07-04 03:04:03,170321
1101,5.0,2000-03-13 21:34:30,273433
377,1.5,2008-02-01 20:03:07,222624
377,4.0,2004-05-25 14:43:09,221602
377,2.5,2006-03-28 10:59:55,163159
356,3.0,2005-01-30 14:13:57,52121
377,5.0,1996-07-25 13:55:28,271000
2628,5.0,2003-04-02 13:46:29,102297
1101,4.0,1998-04-18 04:48:15,10319
1772,1.0,2002-02-25 19:33:42,210115
1196,3.0,2009-04-13 13:47:48,205426
356,1.0,2005-09-17 15:28:46,181551
378,3.0,1998-08-29 18:43:05,173991
2959,5.0,2011-09-12 08:14:57,229661
2959,5.0,2014-05-21 04:15:28,243578
356,4.5,2015-11-08 03:58:27,171207
2628,4.0,2002-11-11 15:39:24,280186
356,4.5,2013-03-29 18:00:04,249461
356,4.5,2017-01-29 12:10:01,61421
356,4.0,1996-11-29 06:26:28,176389
2959,5.0,2018-02-09 03:22:28,196276
2628,5.0,2002-11-11 14:07:19,254745
356,4.0,1997-11-13 09:55:44,206317
2959,3.0,2010-11-22 22:46:06,38258
356,3.5,2015-06-16 09:17:15,16044
377,4.0,2003-03-06 07:06:32,46719
1918,2.0,2002-08-19 16:01:39,37237
356,4.5,2009-02-21 15:19:35,53405
1196,5.0,2007-12-26 11:04:34,196263
2959,5.0,2000-07-08 11:24:54,188887
356,1.0,1996-06-26 12:53:47,158902
356,3.0,2004-10-15 19:17:25,15542
1196,3.0,2011-09-19 14:44:34,35136
377,4.0,2018-03-20 15:19:58,189820
356,3.0,2002-10-11 15:14:40,7280
1196,4.0,2002-01-15 15:54:09,210998
1101,3.5,2010-01-29 15:44:22,86305
2959,3.5,2016-12-21 10:18:59,117284
1196,2.5,2015-03-17 14:46:23,208308
2959,5.0,2001-11-23 22:36:36,80198
1196,5.0,1997-06-10 09:11:41,232034
2628,2.0,2005-10-23 18:33:12,14208
1196,4.5,2013-08-27 20:20:17,92505
3827,3.0,2003-02-09 09:53:58,43097
1196,4.0,2012-04-22 13:10:17,244935
1997,4.0,2004-04-03 06:49:35,161941
356,4.5,2015-08-13 11:54:47,68376
175,4.5,2006-03-13 13:57:06,235760
1196,2.0,2016-05-26 12:09:51,153871
1196,4.5,2005-11-15 13:22:33,123444
1610,5.0,2000-01-12 20:22:52,110996
1101,5.0,2006-01-30 00:56:44,20850
1610,3.5,2011-08-04 15:33:49,89030
2959,5.0,2015-09-05 11:43:45,58446
356,4.0,1996-07-12 17:38:45,207086
2959,5.0,2008-10-29 20:38:37,98181
2628,2.0,2018-03-21 16:18:09,185892
377,4.0,2006-02-26 22:39:54,173306
377,3.0,2015-01-24 15:35:16,77412
377,4.0,1996-07-15 16:28:16,258888
377,3.0,2003-07-26 14:03:40,111427
798,5.0,2017-05-30 11:16:20,184115
377,5.0,2000-08-22 22:05:08,110894
278,4.0,1999-12-03 05:27:05,199228
356,4.0,1996-07-10 05:20:33,207085
2959,4.0,2001-01-01 18:06:27,167977
2959,4.5,2011-02-04 17:21:00,120899
2628,2.0,2004-08-03 23:43:18,109950
377,5.0,1996-10-13 07:17:22,98509
1997,4.0,2003-01-13 23:26:07,222287
356,3.0,2015-07-26 21:57:54,190090
356,4.5,2011-12-02 08:00:02,30074
356,2.0,2000-01-15 14:28:28,117194
1196,4.0,2003-04-04 16:01:56,159691
356,3.5,2015-01-14 13:17:10,191498
1997,4.0,2012-09-24 17:34:10,57388
2628,5.0,2015-08-16 19:53:07,231037
2959,3.5,2016-11-13 20:53:55,236128
356,5.0,2003-03-25 15:22:35,3603
377,2.5,2006-02-10 20:15:06,101950
1918,2.5,2005-08-12 10:13:53,125165
377,4.0,2006-07-27 23:44:02,128367
1342,3.0,1999-11-05 13:41:51,160159
2959,4.0,2017-06-10 12:15:38,87833
1918,3.0,2011-04-14 07:34:11,202195
356,5.0,2016-02-12 07:54:06,97911
356,3.0,2000-07-06 20:37:23,114713
2959,5.0,2003-03-27 15:39:18,257716
1610,5.0,2000-11-22 21:03:44,199254
356,5.0,2016-08-31 19:24:22,69398
377,5.0,1996-07-04 22:19:08,123492
1196,1.5,2017-02-01 16:10:21,250843
356,1.0,1999-11-28 01:41:06,144864
1918,3.0,2002-09-08 15:27:38,184473
1196,5.0,2018-03-18 15:05:18,156284
1610,5.0,1999-12-12 13:07:52,257363
1610,5.0,2001-12-10 00:01:12,240169
2628,0.5,2015-10-21 17:22:26,222922
1101,3.0,2000-08-22 01:13:11,266865
1196,4.0,2016-04-10 07:53:32,170455
356,3.5,2009-11-06 10:44:42,77024
2628,4.0,2001-08-03 06:31:54,178513
2628,5.0,1999-12-11 18:19:51,9482
1196,5.0,2017-07-20 05:16:51,106402
1101,5.0,2012-01-02 16:04:35,23256
1196,5.0,2000-01-30 19:51:51,122746
2959,4.5,2005-04-01 04:44:21,139802
1918,3.5,2007-11-02 10:57:41,114281
2628,3.0,2010-12-07 12:57:16,249562
2959,4.0,2008-05-25 06:26:07,201569
1610,5.0,2000-09-11 21:29:05,74292
1610,3.5,2005-09-22 22:09:18,249244
2959,3.5,2010-09-20 08:19:06,163376
3827,4.0,2002-11-03 02:23:05,216395
1610,4.0,2008-05-21 21:41:18,64039
2959,3.5,2016-05-18 10:40:35,141022
356,4.5,2017-01-12 02:31:04,219353
2351,4.0,1999-10-16 09:15:35,188258
1196,3.0,2001-03-13 12:47:05,113793
356,3.0,1996-07-02 21:08:19,163139
2628,3.0,2004-09-19 14:05:16,47802
2959,4.5,2016-03-13 00:02:03,172957
798,3.0,1997-06-02 09:10:56,231636
356,4.0,2013-10-14 06:22:23,189480
1918,2.5,2009-07-29 11:19:17,190348
2959,5.0,2016-08-05 03:58:22,4139
1918,3.0,2009-01-03 23:47:52,157929
377,3.0,2000-03-15 23:41:04,62085
1196,4.0,2004-11-29 04:48:26,65265
798,3.0,2002-07-08 11:22:14,116058
2628,1.5,2017-03-07 22:24:37,67226
2959,4.5,2015-11-18 14:38:26,259265
356,4.0,2016-07-15 17:05:27,107790
1610,4.0,2004-08-09 09:35:26,210158
3827,2.0,2005-01-27 15:24:52,256928
2628,2.5,2006-06-19 13:57:59,260250
2959,3.0,2014-04-20 09:50:42,14039
1772,1.5,2014-06-03 08:26:51,172197
1610,4.5,2004-08-28 00:15:38,84823
1196,4.5,2015-12-28 23:01:16,170460
1196,4.5,2014-10-16 01:34:30,280065
356,5.0,2016-10-25 23:02:27,264784
356,3.5,2008-08-28 23:49:35,205571
1997,5.0,2002-09-13 17:51:38,229316
377,5.0,2002-05-05 12:17:01,54982
1196,5.0,2000-08-13 14:29:00,248634
356,4.5,2015-07-08 13:48:29,257252
1101,2.5,2009-11-20 19:28:05,49214
1196,5.0,2016-12-30 16:44:46,234169
1101,5.0,2013-08-20 02:24:45,131846
356,4.0,1996-11-12 08:36:46,180167
356,4.5,2011-02-07 00:20:42,35878
1772,3.0,2011-07-11 16:40:01,277314
1196,3.0,2016-01-09 21:26:24,210528
356,4.5,2014-04-19 03:26:32,6337
356,4.0,1996-08-19 01:34:23,274091
377,2.0,2001-08-22 20:04:23,168631
1196,3.0,2001-08-01 12:55:38,72939
377,3.0,1999-12-12 18:36:17,17516
377,4.0,2009-12-30 19:34:12,188671
1610,4.0,2006-09-23 15:37:30,137142
2959,5.0,2003-01-01 20:53:29,4597
1101,4.0,2002-09-28 22:26:47,49627
1101,4.0,2000-03-27 16:22:35,237627
1101,3.0,2001-05-31 10:58:45,64446
1101,2.0,2004-11-12 13:32:37,30061
1610,5.0,2003-07-11 13:10:09,129582
377,3.0,1996-08-22 19:31:02,42147
377,3.0,2007-10-24 19:27:44,19913
356,4.0,2005-04-01 12:24:30,116200
377,5.0,2017-09-16 12:03:01,49258
175,5.0,2015-06-11 07:40:21,198704
2959,5.0,2016-12-27 12:06:12,13201
1196,4.0,2016-05-05 01:25:26,260299
356,4.0,2017-12-18 21:33:51,91397
2628,3.0,2010-08-04 04:47:58,108485
1997,4.0,2007-05-21 11:14:44,233171
2959,5.0,2016-01-15 04:08:15,268302
1610,3.0,2005-01-18 18:31:37,11298
1997,5.0,2002-11-08 10:29:03,93141
1772,3.0,2005-04-04 13:01:01,209872
356,3.0,2000-11-22 13:37:30,110732
2959,4.0,2000-11-30 17:59:52,199547
356,5.0,2015-11-29 07:45:38,14379
1196,4.0,2015-02-13 04:30:46,24903
1196,4.0,2002-03-05 17:43:03,160513
2959,3.0,2004-10-25 07:52:24,107793
356,4.5,2009-02-15 20:54:06,233487
2628,4.0,2001-04-10 16:25:26,191912
1196,4.5,2007-02-08 05:01:37,190020
377,4.5,2008-09-19 21:29:14,163095
1196,5.0,2001-06-10 17:11:30,75360
377,4.0,2015-10-20 10:27:54,13649
2628,2.5,2009-10-15 07:13:57,126832
1196,5.0,2008-05-31 01:12:21,145909
1610,5.0,2002-04-02 02:11:26,138985
356,2.0,1997-11-11 06:48:31,218677
2959,3.5,2005-02-14 17:13:09,235522
1101,3.0,1996-12-28 10:59:55,114815
378,3.0,1997-03-22 05:55:20,224883
2628,2.0,2002-07-27 09:41:27,185430
1610,4.5,2004-03-12 18:30:32,74969
2628,2.0,2011-10-09 09:26:10,93131
2628,4.0,2000-11-20 15:58:14,100862
2959,5.0,2015-04-30 00:27:00,177806
1196,3.0,2017-11-25 00:03:00,252218
1610,2.5,2004-03-07 07:10:24,214030
278,5.0,1996-09-29 15:12:49,2954
2959,4.0,2003-03-16 22:44:39,65683
1610,5.0,2000-02-19 06:56:23,215394
1610,5.0,2007-12-08 19:10:03,105101
1997,5.0,2008-05-13 00:26:38,67809
1342,3.5,2007-07-25 16:12:18,88176
2628,4.0,2007-01-05 09:43:05,40418
377,3.0,2000-08-08 15:06:22,133914
1196,4.0,2012-03-17 23:44:01,215996
2959,4.0,2007-03-09 01:02:25,28730
1196,5.0,1997-05-30 10:45:52,219502
377,4.0,1996-10-21 19:13:40,16579
2959,4.0,2011-01-07 16:43:31,37702
175,5.0,2003-02-05 19:43:22,201457
378,4.0,1996-06-09 14:12:41,118648
356,4.0,2015-11-15 09:40:31,90357
1997,4.0,2004-06-07 12:03:41,155621
2959,4.0,2015-12-23 20:16:52,120967
2959,3.0,2014-06-21 13:44:04,81614
1196,5.0,2015-01-07 22:25:08,67577
1610,3.5,2008-07-15 17:44:42,10967
2959,2.5,2014-11-01 18:21:17,127908
2959,4.0,2007-04-03 02:06:06,222936
2628,2.5,2012-02-15 14:13:33,185845
1196,3.0,1997-06-16 17:59:57,97046
1610,4.0,2003-12-24 02:44:07,127313
2959,4.5,2010-04-08 12:46:15,155396
356,4.0,2015-02-14 11:58:29,86726
1101,3.0,1999-11-11 11:33:42,268736
356,5.0,2000-11-14 12:40:26,12274
356,5.0,1999-12-12 11:48:51,77467
2959,5.0,2016-09-07 21:24:50,217359
798,3.0,2006-11-07 08:27:08,31596
1196,3.0,2011-04-20 13:44:05,135058
1997,2.0,2000-02-21 10:54:58,45518
2959,5.0,2014-06-18 17:03:03,265981
1101,3.5,2013-10-27 01:24:28,210148
2628,1.5,2017-04-05 15:23:27,111325
356,5.0,1996-11-04 06:26:20,197822
2959,4.5,2018-02-11 16:48:43,174959
1196,5.0,2011-10-09 12:11:44,93131
356,4.0,2016-05-11 21:51:10,27350
1101,2.0,2012-04-21 23:39:21,53071
2959,4.0,2005-02-10 19:44:59,151731
356,5.0,2001-02-26 23:30:14,105539
2959,4.5,2006-04-22 16:26:53,87265
2959,3.5,2004-03-20 16:01:17,59621
2959,3.0,2016-12-14 11:33:12,182420
377,3.5,2016-04-15 21:34:52,23400
1196,4.0,2017-02-02 17:20:15,208171
278,4.0,1996-10-16 06:32:00,248104
2959,5.0,2007-04-10 02:37:46,21291
1196,5.0,1996-10-29 13:57:08,147148
377,4.0,2001-06-09 21:12:10,23411
2959,4.5,2011-02-16 17:33:22,138707
356,4.5,2017-07-13 00:54:31,35863
377,4.0,1996-08-17 07:22:07,174442
798,2.5,2004-02-07 10:58:07,276817
1196,4.0,2015-12-09 15:51:08,220858
356,4.0,1996-12-13 05:34:26,227051
1997,4.5,2014-02-11 03:40:48,185157
1101,3.5,2013-09-06 12:35:58,41630
356,4.5,2005-01-30 22:54:28,65617
2628,3.0,2001-08-01 03:49:41,129784
377,3.5,2012-03-30 04:55:08,202186
356,4.5,2017-04-21 12:56:01,63104
1610,5.0,2013-01-08 11:43:23,57531
1610,3.5,2004-06-30 10:44:04,110654
2959,5.0,2012-10-21 03:43:54,112959
1196,4.5,2005-02-08 19:45:02,264771
356,3.0,1998-07-23 04:02:13,202209
356,3.0,1998-03-27 11:52:42,92286
2959,4.0,2016-12-31 20:06:48,59866
377,5.0,2001-02-28 00:38:32,282711
2959,4.5,2016-09-21 11:25:54,24877
2628,4.0,2002-10-05 16:27:31,192783
2959,4.0,2017-05-21 06:00:08,68673
356,3.0,2009-03-22 07:08:14,258449
1101,3.5,2006-09-20 01:54:25,94275
377,4.0,2008-08-05 17:36:28,116202
356,5.0,1996-10-06 14:08:00,237232
356,4.0,2004-06-06 19:48:06,14978
1196,1.5,2007-05-09 01:49:46,145058
2628,4.0,2000-10-26 22:29:06,154755
2959,5.0,2004-01-12 08:40:02,164968
2628,4.5,2004-11-13 19:52:40,273259
377,1.0,2000-12-11 17:25:03,147918
1101,2.0,1997-02-24 16:18:50,58368
377,3.5,2008-01-10 12:30:13,222628
377,5.0,1998-03-15 05:36:25,86967
356,4.0,2005-03-22 04:18:13,226952
356,4.0,1999-10-04 08:52:57,171291
2959,5.0,2013-07-31 13:54:50,20259
1918,5.0,2000-03-06 09:14:37,122910
356,4.0,2000-08-07 13:29:25,107073
1196,0.5,2005-01-01 17:57:56,225666
2959,5.0,2008-04-01 01:47:33,130736
1196,4.5,2016-06-09 21:00:22,197285
2628,3.0,2000-07-03 22:43:00,264699
2959,5.0,2005-08-07 05:35:56,164759
356,5.0,1996-08-26 04:13:52,98173
1610,3.5,2006-06-02 16:44:52,151536
356,5.0,2015-10-12 18:15:06,205690
1101,5.0,2003-07-28 01:59:28,67488
377,5.0,2000-02-08 21:41:05,21624
1101,3.0,2005-01-10 13:05:27,165174
356,4.0,2003-02-05 15:08:58,5144
356,4.5,2003-06-14 02:55:20,161582
377,4.0,1996-07-19 08:01:24,198985
377,3.0,2005-08-30 21:44:56,252756
2628,4.0,2000-11-18 16:03:06,275487
1610,3.0,1999-12-14 21:26:47,15249
356,4.0,2014-06-12 15:34:58,228133
1610,3.5,2017-08-03 10:45:37,175357
1196,4.0,2018-07-01 10:50:31,169134
2959,4.5,2017-12-15 05:25:44,92977
2628,2.0,1999-11-13 16:49:47,125255
2628,4.0,2011-01-20 22:17:31,174562
1196,3.0,2004-08-01 13:38:55,122733
1101,3.0,2004-02-19 02:03:27,79566
798,3.0,1997-05-28 19:42:29,116835
1196,5.0,2000-12-10 16:40:01,41234
377,3.0,1996-09-07 09:22:58,243566
356,5.0,2011-01-26 12:54:39,126864
1918,4.0,2015-06-24 04:56:30,7932
1101,3.5,2006-10-01 20:13:08,172736
356,5.0,1996-06-29 03:14:46,20290
2628,2.0,1999-07-21 08:47:19,953
356,3.0,1996-12-13 08:50:04,110508
377,4.0,1996-06-21 06:47:06,106601
2959,4.5,2016-06-05 20:14:18,211350
356,4.5,2017-09-22 18:12:40,111768
1196,5.0,2011-06-10 14:43:59,29586
1342,1.5,2009-12-27 02:40:18,106195
1196,5.0,2003-12-15 11:50:07,184164
2959,5.0,2015-11-09 13:15:07,154567
1196,4.0,2014-12-15 14:47:24,25556
2959,5.0,2017-10-10 13:20:53,123189
3037,4.5,2006-02-25 22:54:56,108236
356,4.0,2000-11-19 13:42:34,41313
356,5.0,1996-07-05 04:30:58,236662
2628,3.5,2016-10-01 22:46:21,181540
356,4.5,2013-11-18 04:15:09,268071
377,3.0,2001-02-18 14:23:40,245306
1610,5.0,2005-06-05 13:20:43,182165
2628,3.0,2009-01-13 21:47:54,168989
377,3.0,2000-04-24 14:07:38,105379
1918,2.5,2007-02-04 15:40:49,37149
356,5.0,2017-03-17 05:03:35,116838
1101,4.5,2004-10-19 18:37:33,158728
2628,4.0,2004-10-02 18:57:45,226442
1610,3.0,1999-10-27 05:32:17,44492
356,3.0,1996-07-24 11:12:43,84264
1196,5.0,2005-03-29 22:39:03,21415
1997,4.0,2008-02-26 00:50:47,57090
377,4.0,2000-11-04 03:12:39,105409
2628,5.0,2002-03-12 07:29:30,51637
1196,5.0,1998-12-11 15:11:29,237836
1918,2.0,2000-05-10 15:30:05,225232
356,5.0,2007-02-03 10:23:27,184043
3037,5.0,1999-12-11 18:53:57,203587
2628,2.0,2002-08-12 08:22:29,41085
1101,3.0,1996-12-23 08:59:32,29652
2628,4.5,2016-01-04 08:59:23,79195
377,3.0,2007-07-28 19:58:33,275114
356,3.5,2012-07-10 15:18:36,190507
2959,4.5,2008-07-21 14:45:12,106717
3827,4.0,2008-10-31 14:18:32,279948
1997,3.0,1998-07-28 16:21:56,156096
3287,2.5,2005-03-27 17:52:14,188846
2628,3.0,1999-06-01 03:19:15,255521
377,4.0,2000-10-26 23:43:07,191802
2628,1.0,2010-09-20 14:14:40,185097
3037,4.0,1999-12-13 02:46:55,1200
2959,4.5,2015-11-11 14:38:27,5437
2959,5.0,2014-11-06 12:52:26,228858
1101,3.0,1998-02-18 05:47:34,52310
2628,4.0,2000-08-05 19:21:32,33699
356,4.5,2014-10-01 21:16:15,234964
1101,3.0,1999-10-04 15:59:09,200859
1997,5.0,2000-05-07 10:58:36,119938
3827,4.0,2012-03-28 01:58:01,122163
798,3.0,2006-02-20 08:01:50,269098
1196,3.5,2009-06-01 17:00:19,86305
2628,5.0,2003-01-15 06:42:52,244154
356,3.5,2016-01-02 23:44:04,194055
377,2.5,2005-03-31 19:25:56,226531
1196,2.0,2016-11-13 11:16:49,278811
1997,3.0,2000-02-02 09:59:15,163759
1610,2.5,2010-03-21 11:35:34,174876
2959,5.0,2016-07-06 05:47:56,58991
356,5.0,1996-10-02 09:11:55,280262
1997,4.5,2006-04-11 21:07:44,235229
2628,4.0,2013-08-13 19:05:39,141814
1101,0.5,2010-07-05 14:45:11,160298
1196,5.0,2005-03-24 00:24:29,199362
3827,4.0,2000-08-06 09:56:49,242123
2959,4.5,2008-10-28 20:43:58,49785
356,4.5,2004-02-26 08:16:55,49711
356,4.5,2017-11-24 23:26:22,243685
356,5.0,1996-09-05 13:54:39,13643
2628,4.0,2001-02-01 14:24:11,64705
356,4.0,2015-11-30 12:38:52,196333
1196,5.0,2008-10-06 03:00:43,15808
1610,5.0,1999-02-28 10:02:21,49505
1610,4.5,2003-07-08 19:55:00,84411
356,4.0,2016-10-30 19:55:27,260641
377,4.0,1996-11-13 22:13:14,152062
2959,2.0,1999-12-11 15:23:33,226153
1610,4.0,2003-03-28 01:43:27,24073
175,3.0,1996-06-03 05:12:54,73928
356,4.0,2015-10-15 22:04:38,191428
1101,5.0,1999-12-18 13:26:51,105504
2959,3.0,2001-12-06 17:46:24,242761
356,4.5,2008-11-02 12:19:23,155309
1610,3.5,2003-06-20 19:26:10,161515
2628,1.5,2005-06-07 15:32:21,252976
377,2.0,1998-02-10 14:13:07,145668
356,5.0,2012-08-25 11:27:00,116753
356,4.5,2014-02-07 02:56:18,185516
356,2.0,2003-06-28 14:10:22,111313
1101,5.0,2001-07-27 08:17:55,64005
1101,2.0,2001-03-03 13:13:18,5442
356,4.0,2013-09-09 08:10:04,266583
2959,4.5,2015-08-12 15:37:23,83122
2959,5.0,2016-11-18 09:30:09,132097
356,3.5,2015-10-07 16:54:06,123705
1101,4.0,1997-06-25 05:18:32,244622
278,3.0,1996-06-25 11:57:16,15407
2628,4.0,2001-06-17 13:31:03,219894
1610,3.5,2005-10-26 09:39:48,123146
2959,4.5,2007-06-02 22:30:39,207865
1196,5.0,1999-10-03 21:28:26,72918
1196,5.0,1999-10-03 08:27:56,2255
356,5.0,2016-04-30 16:25:17,233887
2959,5.0,2010-03-15 16:41:33,269964
2628,2.5,2005-06-22 05:34:47,111340
356,3.0,2001-11-04 17:30:30,192305
1772,2.0,2015-03-20 20:23:27,252790
2959,5.0,1999-11-09 13:16:18,191846
1196,1.5,2017-02-04 01:22:33,169582
2959,5.0,2004-01-20 04:04:25,62869
377,4.0,2000-04-24 06:17:16,125017
2628,3.0,1999-12-02 12:20:07,119322
2628,2.0,2000-08-08 17:16:58,152127
1196,5.0,2015-07-01 01:52:47,20791
377,3.0,2004-04-09 01:49:08,272420
1610,4.5,2006-02-28 22:26:29,174009
356,3.0,1996-06-01 11:11:04,245925
1196,4.0,2004-08-12 18:59:05,16310
2351,5.0,2000-06-13 15:26:31,207087
356,5.0,2013-02-28 18:42:04,136565
1101,3.0,2005-03-26 01:57:31,87693
356,4.0,2006-09-01 04:51:52,221328
1610,5.0,1999-12-17 15:54:54,69954
1196,4.5,2008-10-29 03:06:12,234883
2628,4.0,2010-12-11 01:45:11,195588
356,4.0,1996-06-17 06:06:41,141623
2959,4.5,2006-11-20 12:57:35,138957
3037,4.0,2000-12-09 23:15:18,203118
356,4.0,2015-04-17 18:05:42,72410
2959,5.0,2005-05-19 02:15:07,91173
377,1.5,2009-02-15 05:23:27,89801
356,3.0,2001-03-02 13:18:51,8705
3827,2.0,2001-05-01 11:46:40,145043
356,4.0,2000-08-08 12:55:00,124926
1918,3.0,1998-10-30 08:56:32,36733
2959,5.0,1999-12-16 22:57:15,264384
377,2.5,2004-07-31 16:21:12,213205
1610,4.0,2013-03-04 00:50:54,202464
2351,2.0,2009-03-23 07:13:23,115812
2959,5.0,2016-07-04 04:53:50,141376
2628,3.0,2018-02-15 22:12:09,58331
1918,3.0,2015-06-05 15:47:46,166932
2959,4.0,2016-02-22 16:08:39,81640
1196,5.0,2002-01-10 05:37:13,47789
1196,4.5,2017-07-31 20:35:22,53732
377,4.5,2006-11-13 18:40:05,267570
2628,3.5,2012-01-02 17:08:35,39552
175,0.5,2005-03-22 23:24:11,210392
356,4.5,2005-03-30 14:08:57,239437
356,5.0,2016-07-05 04:50:01,161199
1196,5.0,2008-05-12 22:51:44,261175
1997,3.0,2004-01-11 11:22:14,17644
2959,5.0,2016-05-01 16:04:54,40733
1997,4.5,2016-11-12 23:22:22,19961
356,5.0,1996-09-07 13:39:11,281204
377,4.0,1996-06-25 23:52:14,42385
377,3.0,2016-06-08 14:35:32,204348
356,4.0,2002-09-28 15:41:25,72100
1342,2.5,2007-12-18 07:17:33,104372
1772,0.5,2008-06-27 10:50:51,240342
356,5.0,1996-10-21 04:57:17,259078
356,4.5,2004-12-07 13:56:24,140800
2628,4.5,2018-09-22 10:22:26,127177
356,5.0,2012-02-25 12:48:56,249113
356,5.0,2001-10-04 19:14:28,268409
2959,5.0,2014-10-12 09:40:55,220886
2959,4.0,1999-11-19 12:12:23,191842
377,4.0,1996-09-27 18:11:25,175323
356,4.0,2009-01-05 04:39:28,26590
356,5.0,2015-07-05 19:49:16,108429
356,5.0,1996-11-24 16:45:13,145505
1196,3.0,2001-01-31 19:26:06,128612
295,2.0,1999-12-12 21:45:40,89348
356,2.5,2005-03-16 01:53:29,15440
1196,4.0,1999-12-11 18:36:15,79294
2959,5.0,2009-02-23 14:50:53,65500
1610,4.0,2003-08-27 19:01:00,101998
356,2.0,1996-07-12 10:36:14,251170
2628,2.0,1999-12-30 20:26:08,10154
377,3.0,1996-09-11 02:18:21,266876
377,4.0,1996-06-19 18:14:04,131192
1101,1.0,1999-10-11 15:15:11,147994
2628,2.5,2015-09-17 20:16:52,253467
2959,5.0,2007-01-02 10:05:18,194025
2959,4.5,2005-03-22 22:00:19,263139
2959,5.0,2009-04-08 19:47:00,212024
1196,4.0,2006-11-09 15:22:28,171341
356,3.0,2011-11-22 17:44:49,262916
377,3.0,1996-10-14 00:38:50,107808
1196,4.0,2012-10-31 19:46:42,74740
2628,4.0,2000-12-10 22:16:38,70822
1997,4.5,2005-06-05 05:37:36,127945
377,5.0,1996-07-06 08:44:27,210820
377,2.5,2005-02-16 00:22:44,30608
2628,3.0,2001-05-14 21:27:34,180540
1610,3.0,2004-09-08 14:50:02,254929
2959,4.0,2018-01-13 01:50:58,210967
1196,4.0,2003-03-29 23:36:02,187591
1997,5.0,2017-12-12 13:32:14,260076
1101,3.5,2006-03-07 17:54:12,272797
1196,4.0,1998-05-04 17:39:08,185121
1997,3.0,2005-03-02 09:33:56,189227
356,4.0,1996-08-28 15:35:26,22086
2628,4.0,2015-12-08 22:19:36,123209
1610,5.0,1998-07-19 21:06:09,61500
1610,3.5,2006-01-13 16:41:03,130970
2959,4.5,2009-10-02 00:02:47,252111
1918,2.0,1999-12-12 18:08:50,16112
377,3.0,2000-02-14 01:04:33,45817
377,3.5,2011-03-25 17:15:34,259048
1918,3.0,1998-10-21 19:44:14,31391
1997,2.0,2000-11-26 15:40:49,52105
1101,4.0,2015-01-15 19:29:49,255272
377,4.0,2010-03-14 02:25:03,168220
356,4.5,2015-05-15 22:33:58,241861
1196,4.0,1998-08-25 15:53:07,46875
356,1.0,1996-07-19 03:10:50,228138
1196,4.0,2004-02-29 07:13:24,7902
1101,3.5,2005-08-08 16:43:12,275817
356,3.0,2017-04-20 08:21:25,61204
2628,2.0,2009-06-01 17:02:46,86305
356,5.0,2001-01-28 02:36:28,220985
378,3.0,1996-06-04 15:01:01,25460
175,4.5,2007-02-02 21:24:31,100107
1610,5.0,2000-06-03 21:36:13,264629
356,5.0,2011-10-04 21:27:30,174331
2628,4.0,2004-07-01 19:48:36,79146
356,5.0,2017-12-30 17:27:40,178156
2628,3.0,2005-07-17 00:15:20,33673
356,1.0,1996-07-13 11:50:58,10466
356,3.0,1996-09-25 11:57:33,205732
3827,3.5,2005-03-12 16:56:06,152958
1196,5.0,2008-04-01 14:48:36,225814
2628,1.0,2007-01-02 18:44:33,118327
356,2.0,1999-11-14 14:14:46,229293
1610,4.0,2003-07-02 00:49:46,18760
1101,5.0,1996-10-18 04:22:26,221694
356,3.0,2005-05-15 10:52:30,139027
356,1.0,2015-08-07 14:50:05,264283
377,4.5,2005-05-23 01:41:47,172754
1196,5.0,2000-01-31 09:32:35,226167
1196,3.0,1999-11-11 00:46:13,111958
1101,2.5,2005-10-22 14:35:47,265173
356,3.5,2008-01-18 18:13:55,112995
3827,2.5,2010-04-25 14:21:06,194468
1196,5.0,2016-01-13 11:22:00,40419
1101,1.5,2006-05-18 04:37:56,130819
356,4.0,1997-01-02 06:44:06,252227
1610,5.0,1999-11-26 07:00:50,64604
356,3.0,1996-11-24 06:58:21,247814
356,2.5,2004-06-04 14:50:53,184762
1196,5.0,1997-03-22 05:44:16,90668
356,4.0,2001-07-22 03:55:11,55196
3540,3.0,2001-12-08 18:32:42,148277
2959,5.0,2017-03-16 14:03:55,176631
3827,3.0,2009-08-04 09:07:56,218332
356,5.0,2005-07-08 20:48:10,263130
1610,4.5,2006-02-13 23:35:35,129530
2959,5.0,2008-06-19 04:50:31,50007
2959,4.5,2009-06-18 05:05:16,168114
1101,3.5,2005-03-23 20:38:35,71470
1610,4.0,2013-06-21 06:49:51,278215
377,4.0,2000-11-20 03:35:37,242437
1610,4.0,2016-07-07 09:10:04,243040
3827,4.0,2004-02-13 17:04:29,234584
295,2.0,2001-01-10 15:10:00,203084
1610,4.0,1999-11-11 22:13:20,84865
1196,3.0,2003-01-23 10:36:53,61410
2959,5.0,2016-06-07 22:15:29,58726
356,4.0,1996-09-30 18:18:36,49297
356,4.5,2017-12-07 12:31:26,143981
1610,5.0,2000-04-22 01:48:56,177005
1997,4.5,2006-04-28 06:29:05,11201
2628,2.0,2001-09-15 12:41:21,214819
1196,4.0,2008-11-12 23:21:12,244426
278,3.0,1996-08-29 17:32:09,260520
1101,3.0,2000-10-12 06:12:27,280211
1610,4.0,2005-04-28 18:31:13,134787
1997,4.0,2005-03-24 16:53:44,73482
2959,4.0,2007-10-11 04:12:22,242230
1196,5.0,2018-05-11 13:20:39,151024
356,3.0,1996-08-24 10:21:38,1953
1997,5.0,2016-06-08 14:35:08,60919
377,4.0,2016-01-31 02:51:46,206154
2628,2.0,1999-12-11 02:56:08,250371
377,3.0,2004-04-20 23:27:39,109826
2959,5.0,2018-02-08 15:01:10,120682
356,4.5,2017-04-17 13:19:32,73835
2628,5.0,1999-10-12 12:47:43,192232
3827,4.0,2009-06-24 21:35:16,200733
356,5.0,1996-10-04 17:58:04,272072
356,3.5,2017-04-04 13:27:06,18268
2988,3.0,2007-12-03 10:42:58,204370
2959,4.0,2016-04-03 18:37:43,36073
798,2.0,1998-02-21 15:21:13,133962
2959,5.0,2016-11-03 07:06:22,245785
1610,4.0,2004-09-10 10:33:48,155828
377,3.5,2009-09-28 12:50:19,113551
1610,3.0,2000-07-03 23:26:26,98127
798,2.5,2005-04-17 00:55:20,166096
377,4.0,1996-07-12 16:47:31,17433
1101,4.5,2006-12-16 15:51:34,86292
1196,4.0,2017-08-08 05:35:22,31797
2959,4.5,2005-03-23 01:56:31,190744
1196,4.0,2017-04-17 03:50:31,75028
356,5.0,2006-03-08 17:53:51,165318
2628,4.0,2012-05-22 20:09:40,1030
2628,3.5,2003-10-07 03:37:26,149375
377,4.0,2002-01-09 17:18:40,189571
356,3.0,1996-06-14 09:39:32,234628
356,5.0,2008-10-27 23:35:55,269467
2628,2.0,2002-08-20 01:02:18,13393
377,3.0,2015-08-25 17:02:46,13778
2628,3.0,2010-12-14 12:07:12,50675
1196,2.0,2017-10-24 23:04:39,233698
1196,3.5,2005-03-22 23:29:56,277375
2959,5.0,2016-04-01 20:58:01,22873
1997,4.0,2001-03-03 20:43:30,272376
377,4.5,2006-03-10 14:23:45,136743
1101,3.5,2009-03-10 11:44:11,51356
356,2.0,2000-06-24 22:18:16,277005
356,3.5,2016-06-12 19:17:09,162399
377,3.0,1996-08-06 02:03:51,211027
1196,5.0,2017-02-11 21:39:44,235890
377,5.0,1997-01-02 05:39:22,183727
1997,2.0,2005-03-23 20:28:23,117610
1997,4.5,2012-02-02 04:19:05,56864
2959,4.0,2008-02-24 15:48:05,251517
2959,2.0,2014-04-12 18:14:09,58810
356,4.0,1998-07-19 15:20:24,206359
2959,5.0,2005-03-23 23:14:35,2553
1196,4.0,2002-11-20 09:36:56,16016
356,3.0,2010-09-18 06:11:14,3645
2628,2.5,2017-09-04 14:02:36,75082
377,3.5,2008-11-03 06:15:19,56095
356,5.0,2017-02-10 21:38:09,2345
356,5.0,2016-01-20 13:19:11,153755
3827,3.5,2007-03-07 08:41:56,201321
2959,1.0,2006-12-05 19:57:46,194210
1196,5.0,2015-06-21 07:23:33,1998
377,2.5,2010-12-13 08:57:39,161810
2959,3.5,2005-10-30 23:49:59,42079
2959,4.0,2015-10-11 13:11:04,180056
2959,4.0,2017-07-21 21:50:01,11455
798,3.0,2002-12-18 14:39:37,93512
2628,4.0,2001-12-08 21:06:49,104736
1101,2.0,2017-10-22 14:59:10,169097
377,3.0,2005-04-05 09:00:17,273572
1610,4.0,2004-11-22 08:09:15,236466
1196,5.0,2001-06-15 14:21:18,242558
1610,5.0,1999-11-16 07:51:42,160936
2959,4.0,2011-05-05 15:36:40,56197
356,3.0,2015-10-03 22:48:28,25582
356,4.0,2016-04-30 15:19:54,45799
356,5.0,1996-12-20 02:27:10,229475
356,4.5,2007-09-21 17:54:21,222437
2959,4.5,2017-05-04 14:06:01,163401
1196,4.0,2002-02-28 21:50:03,267565
377,5.0,1996-07-05 17:58:30,192850
377,3.0,1996-07-28 14:02:52,233015
356,5.0,1996-09-14 11:51:47,107855
1196,5.0,2017-02-28 08:14:23,190953
356,4.5,2008-06-13 21:41:39,154944
1101,4.0,1996-10-24 10:52:18,238396
2628,3.0,2006-02-08 19:36:21,140308
356,4.5,2005-11-15 02:56:54,244611
3827,2.0,2002-03-26 11:57:49,20590
3287,3.0,2000-12-31 15:36:21,212686
356,3.0,1996-11-06 02:34:11,187119
1196,4.0,2015-12-27 13:52:07,54760
2628,4.0,2005-06-23 18:00:35,121890
356,5.0,2015-09-03 09:26:49,35101
356,2.0,2016-09-10 20:18:22,167391
2959,5.0,2017-07-09 12:19:41,262980
356,4.0,1996-07-05 14:13:32,236752
356,3.0,2015-10-28 12:41:18,280418
377,3.0,1996-06-07 09:40:20,224959
377,3.0,1996-08-13 15:09:27,94562
2628,4.0,2015-03-07 02:32:08,90016
356,4.5,2004-06-14 07:06:17,101371
1196,5.0,2004-05-11 03:41:04,170149
1196,4.0,2001-10-10 16:11:07,193484
356,4.0,1996-11-28 13:23:09,20787
356,5.0,1998-09-15 20:23:35,132378
3827,4.0,2001-03-28 23:16:02,226707
2628,1.5,2016-10-18 16:30:45,156633
1918,1.0,2000-12-08 19:26:58,85504
1610,4.5,2016-04-22 15:27:04,96174
2959,5.0,2015-11-03 13:34:04,277352
356,3.0,1996-12-02 12:04:47,49206
356,5.0,1996-06-15 00:38:46,251623
2959,2.0,2009-04-05 13:44:00,281704
1918,2.0,2000-03-18 21:32:11,130148
377,2.5,2008-03-23 19:05:49,279550
2959,5.0,2005-03-25 23:23:33,153221
356,5.0,2017-05-07 13:09:33,108974
356,4.0,2006-09-09 10:47:49,238116
1196,5.0,2001-11-11 12:13:11,154476
1196,2.5,2007-02-28 10:32:40,77609
2959,4.0,2007-05-21 16:46:17,111248
356,3.0,2000-11-28 10:13:28,273981
3827,3.5,2011-10-07 16:40:11,223867
2959,4.5,2017-02-01 02:27:44,80980
2959,0.5,2018-09-25 21:07:10,181577
356,4.0,2004-07-27 21:36:24,220245
2959,5.0,2016-01-03 10:12:54,74159
377,4.5,2012-11-23 21:29:10,187265
1196,4.0,2001-02-19 21:05:03,116909
175,4.0,2007-09-10 19:49:39,226309
1196,4.0,2004-04-07 00:27:36,173899
1196,4.0,1999-12-13 13:19:29,204085
377,4.0,1997-03-07 07:07:58,29429
1101,4.0,2018-08-18 14:12:17,269704
1918,3.0,2006-11-19 22:44:20,140565
1997,5.0,2009-04-19 14:08:57,43352
2959,5.0,2009-10-27 14:08:23,240281
2959,5.0,2004-05-24 14:00:24,272670
2628,4.5,2010-01-28 19:18:45,149332
2959,3.5,2018-02-23 13:20:17,112010
356,5.0,1996-07-08 07:14:20,254564
356,5.0,2015-09-14 05:44:04,174797
2959,5.0,2015-06-05 02:42:07,105359
356,3.5,2012-07-17 00:50:18,109198
1101,3.0,2018-01-29 17:53:17,32728
377,3.0,1996-07-10 16:54:24,111413
1196,4.5,2006-07-07 07:57:18,144890
2628,3.0,2016-12-20 10:19:16,89524
1196,5.0,2001-03-31 18:04:52,242714
377,4.0,2011-06-28 12:09:29,134092
2628,1.0,2003-02-05 22:50:13,241307
1101,4.0,2012-02-12 07:24:59,63447
356,5.0,2016-03-10 11:22:03,190141
377,4.0,1996-08-14 07:55:51,134297
356,2.0,2010-03-22 03:17:32,78422
3827,4.0,2001-07-04 14:14:18,152822
377,2.0,1999-12-05 09:48:44,208496
1196,4.0,2017-02-10 09:59:27,30187
1918,3.0,2002-06-26 13:25:53,158695
377,5.0,1996-07-19 09:24:58,207879
1101,3.5,2008-05-22 21:27:37,198163
2959,2.0,2000-09-11 13:48:43,55017
2959,5.0,2000-06-22 02:24:24,242464
1101,4.0,1997-03-21 12:02:15,9895
377,2.0,1996-07-14 19:27:32,15867
798,2.0,1999-12-29 22:22:29,264776
356,0.5,2017-10-27 16:51:44,257789
175,3.0,1997-04-07 13:30:44,76506
356,5.0,2012-05-03 15:04:21,188061
175,4.0,1999-12-01 12:31:07,265078
356,4.5,2017-02-07 14:37:04,193947
377,3.0,1996-11-06 20:48:58,145825
2628,2.0,2000-02-11 06:47:17,109195
356,3.0,1996-05-23 12:02:23,202429
377,3.5,2016-09-15 04:50:27,77100
356,3.0,1996-10-05 14:26:50,244469
1997,4.0,2008-01-01 15:47:02,114265
1196,5.0,2012-09-20 11:46:43,97611
278,1.0,1999-10-20 08:33:48,132238
2959,2.0,2007-11-03 15:21:40,150308
377,4.0,1996-06-19 02:49:08,135439
175,3.5,2015-05-04 02:49:49,228128
2959,5.0,2000-07-03 20:26:29,250577
2628,3.5,2008-03-05 00:42:08,100
377,3.0,2016-02-02 12:56:09,278300
356,4.0,2013-10-05 04:09:47,194498
356,4.5,2013-08-21 13:10:39,148480
377,4.0,2001-01-17 15:58:36,101314
2959,3.0,2001-01-03 13:31:45,174912
2988,3.0,2000-08-30 17:18:32,37165
356,3.0,1996-07-01 15:26:19,133905
377,3.5,2004-09-01 09:20:38,273362
1997,3.0,2008-11-14 00:32:33,76739
1997,3.0,2002-11-02 23:07:09,79434
356,1.5,2017-06-03 17:49:54,143323
1196,4.5,2017-03-26 16:32:33,38522
1772,3.0,2000-11-20 11:10:11,184362
1101,2.0,2001-05-30 11:38:04,204769
356,4.0,1996-11-10 17:55:01,51658
377,3.5,2004-08-10 15:28:59,35671
1610,5.0,2017-03-22 12:43:00,73431
1610,3.0,2004-05-25 14:56:06,161451
356,5.0,2002-07-10 16:33:33,143523
356,4.0,1999-10-18 05:44:09,200887
2959,4.5,2005-07-02 14:14:56,171079
2959,4.0,2018-03-30 19:10:00,87476
377,4.0,2011-02-06 04:32:18,165249
798,2.0,1997-01-10 11:53:04,233069
2628,2.0,2005-05-26 04:27:01,3610
356,4.5,2008-02-23 19:20:49,797
2959,5.0,2016-09-30 20:33:36,253810
1196,4.0,2014-01-12 14:28:10,184358
2959,5.0,2016-01-22 19:06:45,247310
1196,5.0,2009-08-07 18:28:30,11371
1196,5.0,2016-08-15 08:13:30,145517
378,3.0,2000-07-03 19:47:29,147359
377,5.0,2000-11-15 13:51:14,176919
2628,4.0,2001-02-27 23:40:55,49281
1101,4.0,1996-09-27 08:22:58,155136
377,4.5,2008-05-09 11:30:02,247005
2959,2.5,2005-07-04 16:55:18,270891
1342,4.0,2016-01-14 21:34:08,212376
356,5.0,1996-07-24 17:53:40,212871
377,5.0,2001-05-15 03:25:03,203047
356,4.0,1996-10-02 07:26:28,214549
377,3.5,2009-09-26 15:10:17,218777
2959,2.0,2006-03-10 20:20:49,101714
1196,5.0,2018-01-29 16:12:16,189610
356,5.0,2017-10-06 18:35:31,124106
1101,2.0,2009-07-21 06:33:58,126498
1196,5.0,2012-07-22 14:27:15,16711
377,3.5,2016-01-21 07:26:52,141640
2959,4.0,2008-04-15 18:52:11,149614
377,4.0,2006-07-10 21:20:59,77253
1997,4.0,2002-01-27 00:14:18,108413
1610,4.0,1999-10-26 07:08:09,6317
356,4.0,2007-01-28 16:59:33,2040
377,3.0,1996-07-07 07:13:08,218876
2959,5.0,2001-07-13 14:06:44,36696
3827,3.5,2009-08-25 09:24:17,244934
2959,4.0,2016-06-23 16:35:03,78377
1196,4.5,2003-09-12 06:55:16,2052
3037,5.0,2000-01-11 21:27:43,153733
2959,4.0,2009-04-06 18:45:42,220418
377,3.0,1999-12-13 18:23:45,147484
1997,4.0,2004-12-28 13:01:55,101123
356,5.0,2000-05-10 21:15:45,256702
